"编号","开始答题时间","结束答题时间","答题时长","地理位置国家和地区","地理位置省","地理位置市","自定义字段","1.你的年龄段是","2.这是什么词","3.这是什么词","4.这是什么词","5.这是什么词","6.这是什么词","7.这是什么词","8.这是什么词","9.这是什么词","10.这是什么词","11.这种情况下你会叫谁","12.这种情况下你会叫谁","13.这个水果是什么[图片]","14.这个水果是什么[图片]","15.这个水果是什么[图片]",
"565","20-Nov-2020 23:17:00","20-Nov-2020 23:20:45","225","中国","北京市","北京市","","C.40-60","多闻","芳香","快乐","牢靠","故障","匪盗","注意安全","yyy","uuuu","C.警察","A.医院","D.梨","B.西瓜","D.葡萄",
"564","20-Nov-2020 14:59:41","20-Nov-2020 15:02:35","174","中国","北京市","北京市","","C.40-60","多闻","芳香","快乐","牢靠","鼓舞","强盗","","","","A.医院","B.消防","C.苹果","C.哈密瓜","B.木瓜",
"563","20-Nov-2020 13:20:24","20-Nov-2020 13:22:46","142","中国","北京市","北京市","","C.40-60","多闻","芳香","快乐","牢靠","故障","匪盗","","","","C.警察","A.医院","A.石榴","B.西瓜","C.草莓",
"562","20-Nov-2020 13:01:21","20-Nov-2020 13:06:42","321","中国","北京市","北京市","","C.40-60","多闻","芳香","快乐","牢靠","故障","","","","","C.警察","A.医院","B.桃子","B.西瓜","D.葡萄",
"561","20-Nov-2020 12:56:37","20-Nov-2020 13:01:38","301","中国","湖南省","长沙市","","C.40-60","多闻","芳香","快乐","牢靠","故障","匪盗","","","","C.警察","A.医院","B.桃子","B.西瓜","D.葡萄",
"560","20-Nov-2020 12:19:36","20-Nov-2020 12:26:55","439","中国","北京市","北京市","","C.40-60","多闻","芳香","快乐","牢靠","故障","强盗","","","","C.警察","A.医院","B.桃子","B.西瓜","D.葡萄",
"559","20-Nov-2020 11:11:48","20-Nov-2020 11:14:46","178","中国","四川省","成都市","","C.40-60","多闻","芳香","快乐","牢靠","","","","","","A.医院","B.消防","B.桃子","C.哈密瓜","C.草莓",
"558","20-Nov-2020 11:03:48","20-Nov-2020 11:12:20","512","中国","浙江省","杭州市","","C.40-60","多闻","芳香","快乐","牢靠","故障","匪盗","j精妙难分","","","C.警察","A.医院","B.桃子","B.西瓜","D.葡萄",
"557","20-Nov-2020 06:41:46","20-Nov-2020 06:49:19","453","中国","北京市","北京市","","C.40-60","多闻","芳香","快乐","牢靠","故障","匪盗","情投意合","","","A.医院","C.警察","B.桃子","B.西瓜","D.葡萄",
"556","20-Nov-2020 03:07:28","20-Nov-2020 03:11:21","233","美国","","","","C.40-60","多闻","芳香","快乐","牢靠","故障","匪盗","","","","C.警察","A.医院","B.桃子","B.西瓜","D.葡萄",
"555","19-Nov-2020 23:51:41","19-Nov-2020 23:53:50","129","中国","北京市","北京市","","C.40-60","多闻","芳香","快乐","牢靠","故障","匪盗","情投意合","","","C.警察","A.医院","B.桃子","B.西瓜","D.葡萄",
"554","19-Nov-2020 23:40:12","19-Nov-2020 23:44:44","272","中国","广东省","广州市","","C.40-60","多闻","芳香","快乐","牢靠","故障","匪","","","","C.警察","A.医院","B.桃子","B.西瓜","A.哈密瓜",
"553","19-Nov-2020 23:34:20","19-Nov-2020 23:42:15","475","中国","广东省","","","C.40-60","多闻","芳香","快乐","牢靠","故障","匪盗","情投意合","","","C.警察","A.医院","B.桃子","B.西瓜","D.葡萄",
"552","19-Nov-2020 23:34:12","19-Nov-2020 23:38:26","254","中国","江苏省","南京市","","C.40-60","多闻","芳香","快乐","牢靠","故障","","","","","C.警察","A.医院","C.苹果","B.西瓜","D.葡萄",
"551","19-Nov-2020 23:35:10","19-Nov-2020 23:38:16","186","中国","福建省","厦门市","","C.40-60","多闻","芬香","快乐","牢靠","故障","匪盗","","","","C.警察","A.医院","B.桃子","B.西瓜","D.葡萄",
"550","19-Nov-2020 23:31:51","19-Nov-2020 23:36:22","271","中国","广东省","","","C.40-60","多闻","芳香","快乐","牢靠","故障","强盗","情投意合","","","C.警察","A.医院","B.桃子","B.西瓜","D.葡萄",
"549","19-Nov-2020 23:02:47","19-Nov-2020 23:05:59","192","中国","陕西省","西安市","","C.40-60","多闻","芳香","快乐","","放?","匪盗","","","","C.警察","A.医院","B.桃子","C.哈密瓜","D.葡萄",
"548","19-Nov-2020 23:01:36","19-Nov-2020 23:05:03","207","中国","北京市","北京市","","C.40-60","多闻","芳香","快乐","牢靠","放肆","","","","","C.警察","A.医院","B.桃子","B.西瓜","D.葡萄",
"547","19-Nov-2020 23:00:27","19-Nov-2020 23:04:49","262","中国","四川省","成都市","","C.40-60","多闻","芳香","快乐","牢靠","故障","洗浴","","","","C.警察","A.医院","C.苹果","B.西瓜","D.葡萄",
"546","19-Nov-2020 22:51:59","19-Nov-2020 22:59:35","456","中国","四川省","成都市","","C.40-60","多闻","芳香","快乐","来","故园","沐浴","","","","C.警察","A.医院","C.苹果","B.西瓜","C.草莓",
"545","19-Nov-2020 22:43:02","19-Nov-2020 22:48:06","304","中国","北京市","北京市","","C.40-60","多闻","芳香","快乐","牢靠","故障","匪盗","","","","C.警察","A.医院","C.苹果","C.哈密瓜","D.葡萄",
"544","19-Nov-2020 22:24:22","19-Nov-2020 22:26:54","152","中国","湖北省","武汉市","","C.40-60","多闻","芳香","快乐","牢靠","故障","匪盗","情投意合","","","C.警察","A.医院","B.桃子","B.西瓜","D.葡萄",
"543","19-Nov-2020 22:18:57","19-Nov-2020 22:23:08","251","中国","北京市","北京市","","B.20-40","多闻","芳香","快乐","牢靠","故障","","情投意合","","","C.警察","A.医院","B.桃子","B.西瓜","D.葡萄",
"542","19-Nov-2020 22:16:05","19-Nov-2020 22:21:22","317","中国","北京市","北京市","","C.40-60","多闻","芳香快乐","快乐","本靠","義","强盗","","","","C.警察","A.医院","B.桃子","B.西瓜","D.葡萄",
"541","19-Nov-2020 22:14:59","19-Nov-2020 22:18:43","224","中国","北京市","北京市","","C.40-60","多闻","芬香","快乐","牢靠","故障","匪盗","","","","C.警察","A.医院","B.桃子","B.西瓜","C.草莓",
"540","19-Nov-2020 22:06:45","19-Nov-2020 22:10:18","213","中国","北京市","北京市","","B.20-40","多闻","芳香","快乐","牢靠","故障","匪盗","精妙磨合","","","C.警察","A.医院","B.桃子","B.西瓜","D.葡萄",
"539","19-Nov-2020 21:41:19","19-Nov-2020 22:08:00","1601","美国","","","","C.40-60","多闻","芳香","快乐","牢靠","故障","强盗","情投意合","需要","系统","C.警察","C.警察","B.桃子","B.西瓜","D.葡萄",
"538","19-Nov-2020 21:48:42","19-Nov-2020 21:50:55","133","中国","北京市","北京市","","B.20-40","多闻","芳香","快乐","牢靠","故障","匪盗","情投意合","","","C.警察","A.医院","B.桃子","B.西瓜","C.草莓",
"537","19-Nov-2020 21:40:55","19-Nov-2020 21:47:32","397","中国","北京市","北京市","","B.20-40","多闻","芳香","快乐","牢靠","故障","匪盗","","","","C.警察","A.医院","B.桃子","B.西瓜","C.草莓",
"536","19-Nov-2020 21:34:28","19-Nov-2020 21:44:05","577","中国","北京市","北京市","","B.20-40","多闻","芳香","快乐","牢靠","故障","匪盗","情投意合","福宝","文明","C.警察","A.医院","B.桃子","B.西瓜","C.草莓",
"535","19-Nov-2020 21:38:32","19-Nov-2020 21:42:50","258","中国","北京市","北京市","","C.40-60","多闻","芳香","快乐","申靠","故障","强盗","","","","C.警察","A.医院","B.桃子","B.西瓜","D.葡萄",
"534","19-Nov-2020 21:35:58","19-Nov-2020 21:40:34","276","中国","北京市","北京市","","B.20-40","多闻","芳香","快乐","牢靠","牧阳","匪盗","济竣喜盆","宝贝","文兰","C.警察","A.医院","B.桃子","B.西瓜","D.葡萄",
"533","19-Nov-2020 21:32:31","19-Nov-2020 21:38:46","375","中国","北京市","北京市","","B.20-40","多闻","芳香","快乐","牢靠","故障","匪盗","情投意合","晚安","文明","C.警察","A.医院","B.桃子","B.西瓜","D.葡萄",
"532","19-Nov-2020 21:32:24","19-Nov-2020 21:35:51","207","中国","北京市","北京市","","B.20-40","多闻","芳香","快乐","牢靠","故障","匪盗","","","","C.警察","A.医院","B.桃子","B.西瓜","D.葡萄",
"531","19-Nov-2020 21:26:54","19-Nov-2020 21:30:27","213","中国","北京市","北京市","","B.20-40","多闻","芳香","快乐","牢靠","故障","淋浴","情投意合","语文","","C.警察","A.医院","B.桃子","B.西瓜","D.葡萄",
"530","19-Nov-2020 21:27:53","19-Nov-2020 21:30:21","148","中国","湖北省","","","C.40-60","多闻","芳香","快乐","","","","","","","C.警察","A.医院","B.桃子","B.西瓜","D.葡萄",
"529","19-Nov-2020 21:21:31","19-Nov-2020 21:26:34","303","中国","北京市","北京市","","B.20-40","多闻","芳香","快乐","牢靠","故障","匪盗","情投意合","","","C.警察","A.医院","B.桃子","B.西瓜","C.草莓",
"528","19-Nov-2020 20:57:15","19-Nov-2020 21:07:40","625","中国","北京市","北京市","","B.20-40","多闻","芳香","快乐","牢靠","故障","强盗","","","","C.警察","A.医院","B.桃子","B.西瓜","D.葡萄",
"527","19-Nov-2020 20:57:53","19-Nov-2020 21:02:45","292","中国","北京市","北京市","","C.40-60","多闻","芳香","快乐","牢靠","故障","匪盗","","","","C.警察","A.医院","C.苹果","B.西瓜","D.葡萄",
"526","19-Nov-2020 20:57:00","19-Nov-2020 21:00:22","202","中国","北京市","北京市","","B.20-40","多闻","芳香","快乐","牢靠","故障","匪浴","","","","C.警察","A.医院","B.桃子","B.西瓜","D.葡萄",
"525","19-Nov-2020 20:57:37","19-Nov-2020 21:00:08","151","中国","北京市","北京市","","B.20-40","多闻","芳香","快乐","牢靠","故事","匪盗","","","","C.警察","A.医院","B.桃子","B.西瓜","C.草莓",
"524","19-Nov-2020 20:56:47","19-Nov-2020 20:58:51","124","中国","北京市","北京市","","B.20-40","多闻","芳香","快乐","牢靠","故国","匪盗","","","","C.警察","A.医院","B.桃子","B.西瓜","D.葡萄",
"523","19-Nov-2020 20:55:10","19-Nov-2020 20:57:57","167","中国","北京市","北京市","","C.40-60","多闻","芳香","快乐","牢靠","故障","","","","","C.警察","A.医院","C.苹果","C.哈密瓜","D.葡萄",
"522","19-Nov-2020 20:37:00","19-Nov-2020 20:42:49","349","中国","北京市","北京市","","C.40-60","多闻","芳香","快乐","串靠","故障","器浴","俏妙离合","","","A.医院","C.警察","C.苹果","B.西瓜","C.草莓",
"521","19-Nov-2020 20:31:07","19-Nov-2020 20:35:30","263","中国","北京市","北京市","","C.40-60","多闻","芳香","快乐","牢靠","故障","匪盗","情投意合","","","C.警察","A.医院","B.桃子","B.西瓜","D.葡萄",
"520","19-Nov-2020 20:22:42","19-Nov-2020 20:26:50","248","中国","北京市","北京市","","C.40-60","多闻","芳香","快乐","牢靠","故障","强盗","浓妆艳抹","","","C.警察","A.医院","B.桃子","C.哈密瓜","D.葡萄",
"519","19-Nov-2020 20:21:01","19-Nov-2020 20:24:25","204","中国","北京市","北京市","","C.40-60","多闻","芳香","快乐","牢靠","故障涨资","","不知道","不知道","不知道","C.警察","A.医院","C.苹果","C.哈密瓜","D.葡萄",
"518","19-Nov-2020 19:38:32","19-Nov-2020 19:42:06","214","中国","河北省","石家庄市","","C.40-60","多闻","芳香","快乐","牢靠","故障","匪盗","","","","C.警察","A.医院","B.桃子","B.西瓜","D.葡萄",
"517","19-Nov-2020 19:34:48","19-Nov-2020 19:40:03","315","美国","","","","C.40-60","多闻","芳香","快乐","牢靠","故障","器浴","","","","C.警察","A.医院","C.苹果","B.西瓜","D.葡萄",
"516","19-Nov-2020 19:35:44","19-Nov-2020 19:39:19","215","中国","北京市","北京市","","C.40-60","多闻","芳香","快乐","牢靠","故障","","","","","C.警察","A.医院","B.桃子","B.西瓜","D.葡萄",
"515","19-Nov-2020 19:31:45","19-Nov-2020 19:39:07","442","中国","上海市","上海市","","C.40-60","多闻","芳香","快乐","牢靠","故障","匪盗","","","","C.警察","A.医院","A.石榴","B.西瓜","C.草莓",
"514","19-Nov-2020 19:29:15","19-Nov-2020 19:35:58","403","中国","北京市","","","C.40-60","多闻","芳香","快乐","牢靠","故障","强盗","","","","C.警察","A.医院","B.桃子","B.西瓜","D.葡萄",
"513","19-Nov-2020 19:25:49","19-Nov-2020 19:34:28","519","中国","北京市","北京市","","C.40-60","多闻","芳香","快乐","牢靠","故障","医溶","","","","C.警察","A.医院","B.桃子","B.西瓜","D.葡萄",
"512","19-Nov-2020 19:16:29","19-Nov-2020 19:19:31","182","中国","北京市","北京市","","A.0-20","多闻","芳香","快乐","牢靠","故障","匪盗","","","","C.警察","A.医院","B.桃子","B.西瓜","D.葡萄",
"511","19-Nov-2020 19:12:05","19-Nov-2020 19:14:58","173","中国","北京市","北京市","","C.40-60","多闻","芳香","快乐","","","","","","","C.警察","A.医院","B.桃子","B.西瓜","D.葡萄",
"510","19-Nov-2020 19:10:10","19-Nov-2020 19:12:56","166","中国","北京市","北京市","","C.40-60","多闻","芳香","快乐","牢靠","故障","","","","","C.警察","A.医院","B.桃子","B.西瓜","D.葡萄",
"509","19-Nov-2020 19:05:23","19-Nov-2020 19:08:40","197","中国","北京市","北京市","","A.0-20","多闻","芳香","快乐","牢靠","故障","匪盗","情投意合","珍爱","阿巴阿巴","C.警察","A.医院","B.桃子","B.西瓜","D.葡萄",
"508","19-Nov-2020 19:00:59","19-Nov-2020 19:07:33","394","中国","北京市","北京市","","C.40-60","多闻","芳香","快乐","牢靠","故障","强盗","情投意合","","","C.警察","A.医院","B.桃子","B.西瓜","C.草莓",
"507","19-Nov-2020 18:52:14","19-Nov-2020 18:56:46","272","中国","北京市","北京市","","C.40-60","多闻","芳香","快乐","牢靠","放学","强盗","","","","C.警察","A.医院","B.桃子","B.西瓜","D.葡萄",
"506","19-Nov-2020 18:48:38","19-Nov-2020 18:54:51","373","中国","陕西省","","","B.20-40","多闻","芳香","快乐","本尊","故障","匪盗","悲欢离合","","","C.警察","A.医院","B.桃子","B.西瓜","D.葡萄",
"505","19-Nov-2020 18:50:52","19-Nov-2020 18:54:14","202","中国","北京市","北京市","","C.40-60","多闻","芳香","快乐","牢靠","故障","匪盗","","","","C.警察","A.医院","B.桃子","B.西瓜","D.葡萄",
"504","19-Nov-2020 18:47:02","19-Nov-2020 18:50:59","237","中国","北京市","","","C.40-60","多闻","芳香","快乐","牢靠","故障","强盗","情投意合","老实","女孩","C.警察","A.医院","B.桃子","B.西瓜","D.葡萄",
"503","19-Nov-2020 18:34:31","19-Nov-2020 18:41:10","399","中国","北京市","北京市","","C.40-60","多闻","芳香","快乐","牢靠","故障","洗浴","","","","C.警察","A.医院","B.桃子","B.西瓜","D.葡萄",
"502","19-Nov-2020 18:33:04","19-Nov-2020 18:37:08","244","中国","北京市","北京市","","C.40-60","多闻","芳香","快乐","牢靠","故障","强盗","","","","C.警察","A.医院","B.桃子","B.西瓜","D.葡萄",
"501","19-Nov-2020 18:24:47","19-Nov-2020 18:35:45","658","中国","山东省","济宁市","","C.40-60","多闻","芳香","快乐","牢靠","放肆","匪盗","","","女孩","C.警察","A.医院","B.桃子","B.西瓜","D.葡萄",
"500","19-Nov-2020 18:13:52","19-Nov-2020 18:26:38","766","中国","河北省","","","C.40-60","多闻","芳香","快乐","牢靠","敬畏","匪盗","","","","C.警察","A.医院","B.桃子","C.哈密瓜","B.木瓜",
"499","19-Nov-2020 18:18:48","19-Nov-2020 18:24:00","312","中国","山东省","济宁市","","B.20-40","多闻","芳香","快乐","牢靠","放肆","隐盗","","","","C.警察","A.医院","B.桃子","B.西瓜","C.草莓",
"498","19-Nov-2020 17:50:28","19-Nov-2020 17:53:37","189","中国","河北省","石家庄市","","C.40-60","多闻","芳香","快乐","牢靠","故障","匪盗","","","","C.警察","A.医院","B.桃子","B.西瓜","D.葡萄",
"497","19-Nov-2020 17:48:09","19-Nov-2020 17:52:30","261","中国","北京市","北京市","","C.40-60","多闻","芳香","快乐","牢靠","","沐浴","","","","C.警察","A.医院","B.桃子","B.西瓜","D.葡萄",
"496","19-Nov-2020 17:36:56","19-Nov-2020 17:40:15","199","中国","北京市","北京市","","C.40-60","多闻","芳香","快乐","牢靠","故障","匪盗","","","","C.警察","A.医院","B.桃子","B.西瓜","D.葡萄",
"495","19-Nov-2020 17:09:47","19-Nov-2020 17:13:54","247","中国","北京市","北京市","","C.40-60","多闻","芳香","快乐","","故事","","","","","C.警察","A.医院","C.苹果","B.西瓜","A.哈密瓜",
"494","19-Nov-2020 17:05:15","19-Nov-2020 17:10:03","288","中国","浙江省","湖州市","","B.20-40","多闻","芳香","快乐","牢靠","故障","溶","妙","不知道","不知道","C.警察","A.医院","B.桃子","B.西瓜","D.葡萄",
"493","19-Nov-2020 17:01:12","19-Nov-2020 17:04:52","220","中国","北京市","北京市","","C.40-60","多闻","芳香","快乐","牢靠","故事","洗浴","","","","C.警察","A.医院","A.石榴","B.西瓜","B.木瓜",
"492","19-Nov-2020 16:59:42","19-Nov-2020 17:03:48","246","中国","北京市","北京市","","C.40-60","多闻","芳香","快乐","牢靠","故障","匪盗","","","","C.警察","A.医院","B.桃子","B.西瓜","D.葡萄",
"491","19-Nov-2020 16:54:33","19-Nov-2020 16:58:07","214","中国","陕西省","西安市","","B.20-40","多闻","芳香","快乐","牢靠","故障","匪盗","","","","C.警察","A.医院","B.桃子","B.西瓜","C.草莓",
"490","19-Nov-2020 16:47:33","19-Nov-2020 16:57:25","592","中国","四川省","成都市","","C.40-60","多闻","芳香","快乐","牢靠","鼓舞","匪盗","","","","C.警察","A.医院","B.桃子","B.西瓜","D.葡萄",
"489","19-Nov-2020 16:51:26","19-Nov-2020 16:57:03","337","中国","北京市","","","C.40-60","多闻","芳香","快乐","牢靠","故障","匪盗","","盗宝","扯淡","C.警察","A.医院","C.苹果","B.西瓜","C.草莓",
"488","19-Nov-2020 16:44:59","19-Nov-2020 16:48:31","212","中国","北京市","北京市","","C.40-60","多闻","芳香","快乐","本廉","故障","匪盗","","","","C.警察","A.医院","B.桃子","B.西瓜","D.葡萄",
"487","19-Nov-2020 16:41:06","19-Nov-2020 16:47:49","403","中国","山东省","日照市","","C.40-60","多闻","芳香","快乐","牢靠","故障","强盗","精妙绝伦","","","C.警察","A.医院","B.桃子","B.西瓜","D.葡萄",
"486","19-Nov-2020 16:28:19","19-Nov-2020 16:42:23","844","中国","北京市","北京市","","C.40-60","多闻","芳香","快乐","牢靠","故障","涨潮","","","老鼠","C.警察","A.医院","B.桃子","B.西瓜","D.葡萄",
"485","19-Nov-2020 16:10:12","19-Nov-2020 16:12:50","158","中国","上海市","上海市","","C.40-60","多闻","芳香","快乐","牢靠","故障","强盗","","","","C.警察","A.医院","B.桃子","B.西瓜","A.哈密瓜",
"484","19-Nov-2020 16:05:17","19-Nov-2020 16:09:46","269","中国","北京市","北京市","","C.40-60","多闻","芳香","快乐","牢靠","故障","","","","","C.警察","A.医院","B.桃子","B.西瓜","C.草莓",
"483","19-Nov-2020 16:05:21","19-Nov-2020 16:08:55","214","中国","安徽省","","","C.40-60","多闻","芳香","快乐","牢靠","故障","匪盗","","","","C.警察","A.医院","B.桃子","B.西瓜","D.葡萄",
"482","19-Nov-2020 16:02:30","19-Nov-2020 16:08:02","332","中国","陕西省","西安市","","C.40-60","多闻","芳香","快乐","牢笼","","匪盗","","","","C.警察","A.医院","B.桃子","B.西瓜","A.哈密瓜",
"481","19-Nov-2020 16:03:53","19-Nov-2020 16:06:28","155","中国","北京市","北京市","","C.40-60","多闻","芳香","快乐","","","","","","","C.警察","A.医院","B.桃子","C.哈密瓜","A.哈密瓜",
"480","19-Nov-2020 16:01:59","19-Nov-2020 16:04:55","176","中国","北京市","北京市","","B.20-40","多闻","芳香","快乐","牢靠","故","","","","","C.警察","A.医院","B.桃子","B.西瓜","D.葡萄",
"479","19-Nov-2020 15:58:18","19-Nov-2020 16:00:47","149","中国","陕西省","西安市","","B.20-40","多闻","芳香","快乐","牢靠","故障","匪盗","","","","C.警察","A.医院","B.桃子","B.西瓜","D.葡萄",
"478","19-Nov-2020 15:47:27","19-Nov-2020 15:51:51","264","中国","湖北省","孝感市","","C.40-60","多闻","芳香","快乐","牢靠","故障","","","","","C.警察","A.医院","C.苹果","B.西瓜","D.葡萄",
"477","19-Nov-2020 15:47:19","19-Nov-2020 15:49:58","159","中国","陕西省","","","B.20-40","多闻","芳香","快乐","牢靠","故障","匪盗","","","","C.警察","A.医院","B.桃子","B.西瓜","D.葡萄",
"476","19-Nov-2020 15:43:40","19-Nov-2020 15:49:49","369","中国","陕西省","西安市","","C.40-60","多闻","芳香","快乐","牢靠","故障","强盗","","","","C.警察","A.医院","C.苹果","B.西瓜","C.草莓",
"475","19-Nov-2020 15:45:34","19-Nov-2020 15:49:08","214","中国","北京市","北京市","","C.40-60","","","","","","","","","","C.警察","A.医院","B.桃子","A.葡萄","C.草莓",
"474","19-Nov-2020 15:44:06","19-Nov-2020 15:48:00","234","中国","陕西省","咸阳市","","B.20-40","多闻","芳香","快乐","牢靠","故障","强盗","","","","C.警察","A.医院","B.桃子","B.西瓜","B.木瓜",
"473","19-Nov-2020 15:41:55","19-Nov-2020 15:47:48","353","中国","北京市","北京市","","B.20-40","多闻","芳香","快乐","靠","故障","洛","淡","","","C.警察","A.医院","B.桃子","B.西瓜","C.草莓",
"472","19-Nov-2020 15:39:36","19-Nov-2020 15:44:11","275","中国","北京市","北京市","","C.40-60","多闻","芳香","快乐","牢靠","","匪盗","","","","C.警察","A.医院","B.桃子","B.西瓜","C.草莓",
"471","19-Nov-2020 15:37:04","19-Nov-2020 15:40:26","202","中国","吉林省","四平市","","C.40-60","多闻","芳香","快乐","牢靠","故障","匪浴","情投意合","","","C.警察","A.医院","B.桃子","B.西瓜","D.葡萄",
"470","19-Nov-2020 15:35:48","19-Nov-2020 15:40:06","258","中国","陕西省","西安市","","C.40-60","多闻","芳香","快乐","牢靠","故障","匪盗","隋役满贫","我的","你的","C.警察","A.医院","B.桃子","B.西瓜","C.草莓",
"469","19-Nov-2020 15:33:42","19-Nov-2020 15:38:03","261","中国","北京市","北京市","","C.40-60","多闻","芳香","快乐","牢靠","敬佩","","","","","C.警察","A.医院","B.桃子","B.西瓜","D.葡萄",
"468","19-Nov-2020 15:20:39","19-Nov-2020 15:25:56","317","中国","山东省","","","C.40-60","多闻","芳香","快乐","牢靠","故障","强盗","","","","C.警察","A.医院","A.石榴","B.西瓜","D.葡萄",
"467","19-Nov-2020 15:18:06","19-Nov-2020 15:23:01","295","中国","北京市","北京市","","C.40-60","多闻","芳香","快乐","本尊","故障","匪盗","","","","C.警察","A.医院","B.桃子","B.西瓜","D.葡萄",
"466","19-Nov-2020 15:05:19","19-Nov-2020 15:08:42","203","中国","北京市","北京市","","C.40-60","多闻","芳香","快乐","牢靠","故障","匪盗","","","","C.警察","A.医院","B.桃子","B.西瓜","C.草莓",
"465","19-Nov-2020 15:00:03","19-Nov-2020 15:04:22","259","中国","北京市","北京市","","C.40-60","多闻","芳香","快乐","本靠","放牧","淋浴","兮","放心","发生","C.警察","A.医院","B.桃子","B.西瓜","D.葡萄",
"464","19-Nov-2020 14:58:55","19-Nov-2020 15:01:58","183","中国","北京市","北京市","","C.40-60","动词","形容词","形容词","","","","","","","B.消防","A.医院","B.桃子","A.葡萄","A.哈密瓜",
"463","19-Nov-2020 14:53:29","19-Nov-2020 14:57:32","243","中国","北京市","北京市","","C.40-60","多闻","芳香","快乐","牢靠","故障","强盗","","","","C.警察","A.医院","B.桃子","B.西瓜","C.草莓",
"462","19-Nov-2020 14:45:34","19-Nov-2020 14:53:02","448","中国","河南省","","","C.40-60","多闻","芳香","快乐","牢靠","故障","匪盗","沉沙点分","消沉","","A.医院","C.警察","B.桃子","B.西瓜","C.草莓",
"461","19-Nov-2020 14:49:12","19-Nov-2020 14:51:46","154","中国","北京市","北京市","","C.40-60","多闻","芳香","快乐","牢靠","故障","洗浴","","","","C.警察","A.医院","B.桃子","B.西瓜","D.葡萄",
"460","19-Nov-2020 14:40:02","19-Nov-2020 14:43:59","237","中国","河南省","郑州市","","C.40-60","多闻","芳香","快乐","牢靠","","","","","","C.警察","A.医院","B.桃子","A.葡萄","B.木瓜",
"459","19-Nov-2020 14:22:14","19-Nov-2020 14:29:36","442","中国","北京市","北京市","","D.60+","多闻","芳香","快乐","牢靠","故事","服务","","","","C.警察","A.医院","B.桃子","C.哈密瓜","D.葡萄",
"458","19-Nov-2020 14:23:52","19-Nov-2020 14:25:53","121","中国","浙江省","杭州市","","C.40-60","多闻","芳香","快乐","牢靠","故障","强盗","","","","C.警察","A.医院","B.桃子","B.西瓜","D.葡萄",
"457","19-Nov-2020 14:20:39","19-Nov-2020 14:24:25","226","中国","北京市","北京市","","C.40-60","多闻","芳香","快乐","牢靠","故障","匪盗","","索要","女孩","C.警察","A.医院","B.桃子","B.西瓜","C.草莓",
"456","19-Nov-2020 14:17:20","19-Nov-2020 14:20:08","168","中国","北京市","北京市","","C.40-60","多闻","芳香","快乐","牢靠","故障","匪盗","汝","","","C.警察","A.医院","B.桃子","B.西瓜","D.葡萄",
"455","19-Nov-2020 14:14:55","19-Nov-2020 14:19:57","302","中国","北京市","北京市","","C.40-60","多闻","芳香","快乐","牢靠","故障","","","","","C.警察","A.医院","B.桃子","B.西瓜","D.葡萄",
"454","19-Nov-2020 14:02:08","19-Nov-2020 14:08:53","405","中国","天津市","天津市","","B.20-40","多闻","芳香","快乐","宋菲","故雾","图穷","窈窕淑女","教父","多雨","C.警察","A.医院","B.桃子","B.西瓜","D.葡萄",
"453","19-Nov-2020 13:58:13","19-Nov-2020 14:06:38","505","中国","北京市","北京市","","C.40-60","多闻","芳香","快乐","牢靠","故障","匪盗","情投意合","××","××","C.警察","A.医院","B.桃子","B.西瓜","D.葡萄",
"452","19-Nov-2020 14:03:28","19-Nov-2020 14:06:09","161","中国","北京市","北京市","","C.40-60","多闻","芳香","快乐","牢靠","故障","面谈","","","","C.警察","A.医院","B.桃子","B.西瓜","C.草莓",
"451","19-Nov-2020 14:00:52","19-Nov-2020 14:05:00","248","中国","河南省","许昌市","","C.40-60","","","","","","","","","","C.警察","A.医院","C.苹果","B.西瓜","C.草莓",
"450","19-Nov-2020 14:01:08","19-Nov-2020 14:04:49","221","中国","天津市","天津市","","C.40-60","多闻","芳香","快乐","牢靠","故障","匪盗","","","","C.警察","A.医院","B.桃子","B.西瓜","A.哈密瓜",
"449","19-Nov-2020 13:57:55","19-Nov-2020 14:03:42","347","中国","北京市","北京市","","C.40-60","多闻","芳香","快乐","车展","故障","沐浴","","","","C.警察","A.医院","B.桃子","B.西瓜","D.葡萄",
"448","19-Nov-2020 13:55:47","19-Nov-2020 13:59:13","206","中国","北京市","北京市","","C.40-60","多闻","芳香","快乐","牢靠","故障","匪盗","","","","C.警察","A.医院","B.桃子","B.西瓜","D.葡萄",
"447","19-Nov-2020 13:55:02","19-Nov-2020 13:58:25","203","中国","福建省","福州市","","C.40-60","多闻","芳香","快乐","牢靠","故障","匪盗","","","","C.警察","A.医院","B.桃子","B.西瓜","D.葡萄",
"446","19-Nov-2020 13:53:29","19-Nov-2020 13:57:56","267","中国","山东省","","","C.40-60","多闻","芳香","快乐","牢靠","故障","匪盗","情投意合","德育","有趣","C.警察","A.医院","B.桃子","B.西瓜","D.葡萄",
"445","19-Nov-2020 13:52:27","19-Nov-2020 13:56:04","217","中国","北京市","北京市","","C.40-60","多闻","芳香","快乐","牢靠","故障","强盗","珠联璧合","","","C.警察","A.医院","B.桃子","B.西瓜","C.草莓",
"444","19-Nov-2020 13:50:24","19-Nov-2020 13:55:08","284","中国","北京市","北京市","","C.40-60","多闻","芳香","快乐","牢靠","故障","强盗","","","","C.警察","A.医院","B.桃子","B.西瓜","B.木瓜",
"443","19-Nov-2020 13:48:46","19-Nov-2020 13:53:45","299","中国","北京市","北京市","","A.0-20","多闻","芳香","快乐","牢靠","故障","匪盗","","","","C.警察","A.医院","B.桃子","B.西瓜","D.葡萄",
"442","19-Nov-2020 13:48:40","19-Nov-2020 13:52:30","230","中国","北京市","北京市","","C.40-60","多闻","芳香","快乐","牢靠","故障","匪盗","","","","C.警察","A.医院","B.桃子","B.西瓜","D.葡萄",
"441","19-Nov-2020 13:49:03","19-Nov-2020 13:52:04","181","中国","北京市","北京市","","C.40-60","多闻","芳香","快乐","牢靠","","强盗","","","","C.警察","A.医院","B.桃子","B.西瓜","A.哈密瓜",
"440","19-Nov-2020 13:46:55","19-Nov-2020 13:50:12","197","希腊","","","","C.40-60","多闻","芳香","快乐","牢靠","故障","匪盗","情投意合","","","C.警察","A.医院","C.苹果","C.哈密瓜","C.草莓",
"439","19-Nov-2020 13:46:45","19-Nov-2020 13:49:25","160","中国","北京市","北京市","","C.40-60","","","","","","","","","","C.警察","A.医院","B.桃子","B.西瓜","D.葡萄",
"438","19-Nov-2020 13:45:59","19-Nov-2020 13:48:04","125","中国","北京市","北京市","","C.40-60","多闻","芳香","快乐","牢靠","故障","洗浴","","","","C.警察","A.医院","B.桃子","B.西瓜","D.葡萄",
"437","19-Nov-2020 13:39:48","19-Nov-2020 13:46:36","408","中国","北京市","北京市","","C.40-60","多闻","芳香","快乐","牢靠","故事","","","","","C.警察","A.医院","B.桃子","B.西瓜","B.木瓜",
"436","19-Nov-2020 13:44:57","19-Nov-2020 13:46:29","92","中国","江苏省","苏州市","","A.0-20","多闻","芳香","快乐","","","","","","","C.警察","A.医院","B.桃子","B.西瓜","A.哈密瓜",
"435","19-Nov-2020 13:40:29","19-Nov-2020 13:45:14","285","中国","广东省","广州市","","C.40-60","多闻","芳香","快乐","","故障","","","","","C.警察","A.医院","B.桃子","B.西瓜","D.葡萄",
"434","19-Nov-2020 13:35:43","19-Nov-2020 13:42:21","398","中国","北京市","北京市","","C.40-60","多闻","芳香","快乐","牢靠","故障","匪盗","","","","C.警察","A.医院","B.桃子","B.西瓜","B.木瓜",
"433","19-Nov-2020 13:35:56","19-Nov-2020 13:39:27","211","中国","北京市","北京市","","C.40-60","多闻","芳香","快乐","光荣","故乡","","","","","C.警察","A.医院","B.桃子","B.西瓜","D.葡萄",
"432","19-Nov-2020 13:34:59","19-Nov-2020 13:39:08","249","中国","北京市","北京市","","C.40-60","多闻","芳香","快乐","牢靠","故障","匪盗","","","","C.警察","A.医院","B.桃子","B.西瓜","D.葡萄",
"431","19-Nov-2020 13:36:58","19-Nov-2020 13:39:03","125","中国","北京市","北京市","","C.40-60","多闻","芳香","快乐","牢靠","故障","","","","","C.警察","A.医院","B.桃子","B.西瓜","C.草莓",
"430","19-Nov-2020 13:31:15","19-Nov-2020 13:35:21","246","中国","北京市","北京市","","C.40-60","多闻","芳香","快乐","牢靠","故障","匪盗","","","","C.警察","A.医院","B.桃子","B.西瓜","D.葡萄",
"429","19-Nov-2020 13:27:52","19-Nov-2020 13:31:45","233","中国","北京市","北京市","","C.40-60","多闻","芳香","快乐","","故障","强盗","","","","C.警察","A.医院","B.桃子","B.西瓜","D.葡萄",
"428","19-Nov-2020 13:24:13","19-Nov-2020 13:30:12","359","中国","福建省","厦门市","","C.40-60","多闻","芳香","快乐","牢靠","故障","匪盗","","","","C.警察","A.医院","B.桃子","B.西瓜","D.葡萄",
"427","19-Nov-2020 13:19:11","19-Nov-2020 13:23:02","231","中国","北京市","北京市","","C.40-60","多闻","芳香","快乐","牢靠","故障","匪盗","情投意合","","","C.警察","A.医院","B.桃子","B.西瓜","D.葡萄",
"426","19-Nov-2020 13:15:11","19-Nov-2020 13:21:29","378","中国","北京市","","","C.40-60","多闻","芳香","快乐","牢靠","故障","匪盗","情投意合","哦哦","交费","C.警察","A.医院","B.桃子","B.西瓜","A.哈密瓜",
"425","19-Nov-2020 13:13:57","19-Nov-2020 13:21:09","432","中国","陕西省","","","C.40-60","多闻","芳香","快乐","车","故障","匪浴","","","","C.警察","A.医院","B.桃子","B.西瓜","D.葡萄",
"424","19-Nov-2020 13:10:34","19-Nov-2020 13:19:10","516","中国","北京市","","","C.40-60","多闻","芳香","快乐","牢靠","故障","强盗","离合","箩","豫","C.警察","A.医院","B.桃子","B.西瓜","D.葡萄",
"423","19-Nov-2020 13:15:57","19-Nov-2020 13:18:01","124","中国","北京市","北京市","","C.40-60","多闻","芳香","快乐","牢靠","故障","","","","","C.警察","A.医院","B.桃子","B.西瓜","D.葡萄",
"422","19-Nov-2020 13:09:50","19-Nov-2020 13:12:41","171","中国","北京市","北京市","","C.40-60","多闻","芳香","快乐","牢靠","故障","偷盗","","","","C.警察","A.医院","B.桃子","B.西瓜","D.葡萄",
"421","19-Nov-2020 13:10:01","19-Nov-2020 13:12:33","152","中国","河南省","郑州市","","C.40-60","多闻","芳香","快乐","牢靠","","匪徒","","","","C.警察","A.医院","B.桃子","B.西瓜","D.葡萄",
"420","19-Nov-2020 13:03:00","19-Nov-2020 13:10:19","439","中国","广东省","广州市","","C.40-60","多闻","芳香","快乐","牢靠","故障","强盗","源？综合","","","C.警察","A.医院","C.苹果","B.西瓜","A.哈密瓜",
"419","19-Nov-2020 13:05:11","19-Nov-2020 13:09:58","287","中国","北京市","北京市","","C.40-60","多闻","芳香","快乐","牢靠","故事","","","","","C.警察","A.医院","C.苹果","B.西瓜","C.草莓",
"418","19-Nov-2020 13:01:56","19-Nov-2020 13:05:39","223","中国","北京市","","","C.40-60","多闻","芳香","快乐","牢靠","故障","","","","","C.警察","A.医院","B.桃子","B.西瓜","D.葡萄",
"417","19-Nov-2020 12:58:09","19-Nov-2020 13:05:25","436","中国","河北省","","","C.40-60","多闻","芳香","快乐","牢靠","故障","兼容","","","","C.警察","A.医院","B.桃子","B.西瓜","D.葡萄",
"416","19-Nov-2020 12:56:10","19-Nov-2020 12:59:50","220","中国","北京市","北京市","","C.40-60","多闻","芳香","快乐","牢靠","故障","匪盗","情投意合","？","？","C.警察","A.医院","B.桃子","B.西瓜","D.葡萄",
"415","19-Nov-2020 12:52:33","19-Nov-2020 12:56:27","234","中国","北京市","北京市","","C.40-60","多闻","芳香","快乐","牢靠","故障","匪盗","","","","C.警察","A.医院","B.桃子","B.西瓜","D.葡萄",
"414","19-Nov-2020 12:50:54","19-Nov-2020 12:55:55","301","中国","北京市","北京市","","C.40-60","多闻","芳香","快乐","牢靠","故障","强盗","","","","C.警察","A.医院","B.桃子","C.哈密瓜","D.葡萄",
"413","19-Nov-2020 12:51:56","19-Nov-2020 12:55:51","235","中国","北京市","北京市","","C.40-60","多闻","芳香","快乐","牢靠","故","匪盗","","","女","C.警察","A.医院","B.桃子","B.西瓜","D.葡萄",
"412","19-Nov-2020 12:46:49","19-Nov-2020 12:54:30","461","中国","北京市","北京市","","C.40-60","多闻","芳香","快乐","牢靠","故障","服务","","","","C.警察","A.医院","B.桃子","B.西瓜","C.草莓",
"411","19-Nov-2020 12:50:28","19-Nov-2020 12:53:41","193","中国","北京市","北京市","","C.40-60","多闻","芳香","快乐","牢靠","故障","匪盗","","","","C.警察","A.医院","B.桃子","B.西瓜","D.葡萄",
"410","19-Nov-2020 12:48:22","19-Nov-2020 12:53:33","311","中国","浙江省","","","B.20-40","多闻","芳香","快乐","牢靠","故障","匪盗","精妙绝伦","","","C.警察","A.医院","C.苹果","B.西瓜","D.葡萄",
"409","19-Nov-2020 12:48:45","19-Nov-2020 12:52:29","224","中国","北京市","北京市","","C.40-60","多闻","芳香","快乐","牢靠","故障","","","","","C.警察","A.医院","B.桃子","B.西瓜","D.葡萄",
"408","19-Nov-2020 12:49:17","19-Nov-2020 12:52:04","167","中国","北京市","北京市","","C.40-60","多闻","芳香","快乐","牢靠","故障","匪盗","情投意合","","","C.警察","A.医院","B.桃子","B.西瓜","D.葡萄",
"407","19-Nov-2020 12:42:40","19-Nov-2020 12:51:02","502","中国","北京市","北京市","","C.40-60","多闻","芳香","快乐","牢靠","故障","匪盗","","","","C.警察","A.医院","B.桃子","B.西瓜","D.葡萄",
"406","19-Nov-2020 12:38:20","19-Nov-2020 12:42:41","261","中国","北京市","北京市","","C.40-60","多闻","芳香","快乐","牢靠","故障","","","","","C.警察","A.医院","B.桃子","B.西瓜","D.葡萄",
"405","19-Nov-2020 12:38:44","19-Nov-2020 12:42:05","201","中国","上海市","上海市","","C.40-60","多闻","芳香","快乐","牢靠","放肆","","情投意合","","","C.警察","A.医院","B.桃子","B.西瓜","A.哈密瓜",
"404","19-Nov-2020 12:35:52","19-Nov-2020 12:40:17","265","中国","北京市","北京市","","C.40-60","名词","形容词","形容词","形容词","名词","动词","","","","C.警察","A.医院","B.桃子","C.哈密瓜","B.木瓜",
"403","19-Nov-2020 12:34:55","19-Nov-2020 12:38:59","244","中国","广东省","广州市","","C.40-60","多闻","芳香","快乐","牢靠","故障","强盗","","","","C.警察","A.医院","B.桃子","B.西瓜","D.葡萄",
"402","19-Nov-2020 12:26:15","19-Nov-2020 12:30:21","246","中国","北京市","北京市","","C.40-60","多闻","芳香","快乐","本罪","故障","服务","","","","C.警察","A.医院","B.桃子","B.西瓜","C.草莓",
"401","19-Nov-2020 12:23:23","19-Nov-2020 12:29:18","355","中国","北京市","北京市","","A.0-20","多闻","芳香","快乐","牢靠","故障","匪盗","情投意合","密室","大象","C.警察","A.医院","B.桃子","B.西瓜","D.葡萄",
"400","19-Nov-2020 12:20:52","19-Nov-2020 12:25:56","304","中国","河北省","石家庄市","","C.40-60","形容词","形容词","形容词","形容词","名词","名词","","","","C.警察","C.警察","B.桃子","B.西瓜","D.葡萄",
"399","19-Nov-2020 12:18:48","19-Nov-2020 12:23:54","306","中国","北京市","北京市","","C.40-60","多闻","芳香","快乐","牢靠","故障","匪盗","","","","C.警察","A.医院","B.桃子","B.西瓜","B.木瓜",
"398","19-Nov-2020 12:18:12","19-Nov-2020 12:23:39","327","中国","北京市","北京市","","C.40-60","多闻","芳香","快乐","牢靠","故障","匪盗","情投意合","","","C.警察","A.医院","B.桃子","B.西瓜","D.葡萄",
"397","19-Nov-2020 12:12:04","19-Nov-2020 12:21:44","580","中国","北京市","北京市","","D.60+","多闻","芳香","快乐","牢靠","故障","","","","","C.警察","A.医院","C.苹果","B.西瓜","C.草莓",
"396","19-Nov-2020 12:12:27","19-Nov-2020 12:18:58","391","中国","北京市","北京市","","C.40-60","多闻","芳香","快乐","牢靠","故障","强盗","无","无","无","C.警察","A.医院","A.石榴","C.哈密瓜","D.葡萄",
"395","19-Nov-2020 12:10:31","19-Nov-2020 12:18:44","493","中国","北京市","北京市","","C.40-60","多闻","芳香","快乐","牢靠","故障","匪盗","","高兴","","C.警察","A.医院","B.桃子","B.西瓜","D.葡萄",
"394","19-Nov-2020 12:10:51","19-Nov-2020 12:15:07","256","中国","北京市","北京市","","C.40-60","多闻","芳香","快乐","牢靠","故障","匪盗","","","","C.警察","A.医院","A.石榴","B.西瓜","A.哈密瓜",
"393","19-Nov-2020 12:00:33","19-Nov-2020 12:13:54","801","中国","北京市","北京市","","C.40-60","多闻","芳香","快乐","牢靠","故障","匪盗","","","文物","C.警察","A.医院","B.桃子","B.西瓜","D.葡萄",
"392","19-Nov-2020 12:07:03","19-Nov-2020 12:10:46","223","中国","北京市","北京市","","C.40-60","多闻","芳香","快乐","车票","","","","","","C.警察","A.医院","B.桃子","B.西瓜","D.葡萄",
"391","19-Nov-2020 12:07:03","19-Nov-2020 12:10:10","187","中国","北京市","北京市","","C.40-60","多闻","芳香","快乐","靠","故障","匪浴","","","","C.警察","A.医院","C.苹果","B.西瓜","D.葡萄",
"390","19-Nov-2020 12:01:10","19-Nov-2020 12:09:38","508","中国","浙江省","","","C.40-60","多闻","芳香","快乐","牢靠","故障","防盗","","","","C.警察","A.医院","B.桃子","B.西瓜","D.葡萄",
"389","19-Nov-2020 12:00:58","19-Nov-2020 12:09:33","515","中国","山东省","济南市","","C.40-60","多闻","芳香","快乐","牢靠","放肆","匪盗","情投意合","踏实","","C.警察","A.医院","B.桃子","B.西瓜","D.葡萄",
"388","19-Nov-2020 12:05:06","19-Nov-2020 12:08:13","187","中国","北京市","北京市","","C.40-60","多闻","芳香","快乐","牢靠","故障","匪盗","","","","C.警察","A.医院","B.桃子","B.西瓜","D.葡萄",
"387","19-Nov-2020 11:55:16","19-Nov-2020 12:01:58","402","中国","北京市","北京市","","C.40-60","多闻","芳香","快乐","牢靠","故障","匪盗","情投意合","监管","文化","C.警察","A.医院","B.桃子","B.西瓜","D.葡萄",
"386","19-Nov-2020 11:55:16","19-Nov-2020 11:58:52","216","中国","北京市","北京市","","C.40-60","多闻","芳香","快乐","牢靠","","","","","","C.警察","C.警察","C.苹果","C.哈密瓜","C.草莓",
"385","19-Nov-2020 11:52:34","19-Nov-2020 11:57:14","280","中国","黑龙江省","","","C.40-60","多闻","芳香","快乐","牢靠","散漫","沐浴","窈窕淑女","结实","安徽","C.警察","A.医院","B.桃子","B.西瓜","C.草莓",
"384","19-Nov-2020 11:50:45","19-Nov-2020 11:53:47","182","中国","北京市","北京市","","C.40-60","多闻","芳香","快乐","牢靠","故障","匪盗","","","","C.警察","A.医院","B.桃子","B.西瓜","D.葡萄",
"383","19-Nov-2020 11:49:07","19-Nov-2020 11:52:56","229","中国","贵州省","","","C.40-60","多闻","芳香","欢乐","","故障","","","","","C.警察","A.医院","B.桃子","B.西瓜","C.草莓",
"382","19-Nov-2020 11:45:22","19-Nov-2020 11:49:53","271","中国","北京市","北京市","","C.40-60","多闻","芳香","快乐","牢靠","故障","匪盗","满按高分","","","C.警察","A.医院","B.桃子","B.西瓜","D.葡萄",
"381","19-Nov-2020 10:04:30","19-Nov-2020 11:49:53","6323","中国","北京市","北京市","","C.40-60","多闻","芳香","快乐","牢靠","故障","","","","","C.警察","A.医院","B.桃子","B.西瓜","D.葡萄",
"380","19-Nov-2020 11:43:13","19-Nov-2020 11:48:54","341","中国","上海市","上海市","","C.40-60","多闻","芳香","快乐","牢靠","故障","匪盗","情投意合","","","C.警察","A.医院","B.桃子","B.西瓜","D.葡萄",
"379","19-Nov-2020 11:40:48","19-Nov-2020 11:45:15","267","中国","北京市","北京市","","A.0-20","多闻","芳香","快乐","牢靠","故障","匪盗","颠沛离合","","","C.警察","A.医院","B.桃子","B.西瓜","D.葡萄",
"378","19-Nov-2020 11:40:51","19-Nov-2020 11:44:04","193","中国","山西省","","","C.40-60","多闻","芳香","快乐","牢靠","","匪盗","","","","C.警察","A.医院","B.桃子","B.西瓜","D.葡萄",
"377","19-Nov-2020 11:29:28","19-Nov-2020 11:38:45","557","中国","广东省","","","C.40-60","多闻","芳香","快乐","牢靠","故障","匪盗","浓妆艳抹","","","C.警察","A.医院","B.桃子","B.西瓜","D.葡萄",
"376","19-Nov-2020 11:31:14","19-Nov-2020 11:38:40","446","中国","北京市","北京市","","B.20-40","多闻","芳香","快乐","牢靠","故障","匪浴","","","","C.警察","A.医院","B.桃子","B.西瓜","C.草莓",
"375","19-Nov-2020 11:27:09","19-Nov-2020 11:36:17","548","中国","辽宁省","沈阳市","","C.40-60","多闻","芳香","快乐","牢靠","故障","匪盗","宸","","","C.警察","A.医院","B.桃子","A.葡萄","D.葡萄",
"374","19-Nov-2020 11:18:22","19-Nov-2020 11:33:48","926","中国","上海市","上海市","","C.40-60","多闻","芳香","快乐","牢靠","故障","强盗","情投意合","","","C.警察","A.医院","B.桃子","B.西瓜","C.草莓",
"373","19-Nov-2020 11:28:34","19-Nov-2020 11:32:27","233","中国","北京市","北京市","","C.40-60","多闻","芳香","快乐","牢靠","故障","","","","","C.警察","A.医院","A.石榴","B.西瓜","D.葡萄",
"372","19-Nov-2020 11:25:54","19-Nov-2020 11:31:32","338","中国","北京市","北京市","","C.40-60","多闻","芳香","快乐","","","","","","","C.警察","A.医院","B.桃子","C.哈密瓜","D.葡萄",
"371","19-Nov-2020 11:27:21","19-Nov-2020 11:30:23","182","中国","北京市","北京市","","C.40-60","多闻","芳香","快乐","牢靠","","","","","","C.警察","A.医院","B.桃子","B.西瓜","D.葡萄",
"370","19-Nov-2020 11:24:17","19-Nov-2020 11:29:42","325","中国","北京市","北京市","","C.40-60","多闻","芳香","快乐","牢靠","故障","强盗","寝漠寝分","盗发","文案","C.警察","A.医院","B.桃子","B.西瓜","B.木瓜",
"369","19-Nov-2020 11:17:35","19-Nov-2020 11:25:33","478","中国","天津市","天津市","","C.40-60","多闻","芳香","快乐","牢靠","故障","匪盗","情投意合","","","C.警察","A.医院","B.桃子","B.西瓜","D.葡萄",
"368","19-Nov-2020 11:20:36","19-Nov-2020 11:24:12","216","中国","北京市","北京市","","C.40-60","多闻","芳香","快乐","牢靠","故障","匪盗","","","","C.警察","A.医院","B.桃子","B.西瓜","D.葡萄",
"367","19-Nov-2020 11:19:48","19-Nov-2020 11:23:37","229","中国","北京市","北京市","","C.40-60","多闻","芳香","快乐","牢靠","故障","强盗","","","","C.警察","A.医院","B.桃子","B.西瓜","C.草莓",
"366","19-Nov-2020 11:19:46","19-Nov-2020 11:23:25","219","中国","北京市","北京市","","C.40-60","多闻","芳香","快乐","车靠","敬踏","匪浴","悲欢离合","希望","京华","C.警察","A.医院","B.桃子","B.西瓜","C.草莓",
"365","19-Nov-2020 11:21:00","19-Nov-2020 11:23:11","131","中国","北京市","北京市","","C.40-60","多闻","芳香","快乐","牢靠","故障","强盗","","","","C.警察","A.医院","B.桃子","B.西瓜","D.葡萄",
"364","19-Nov-2020 11:08:29","19-Nov-2020 11:21:36","787","中国","北京市","北京市","","C.40-60","多闻","芳香","快乐","牢靠","投降","强盗","情投意合","","","C.警察","A.医院","B.桃子","B.西瓜","D.葡萄",
"363","19-Nov-2020 11:15:26","19-Nov-2020 11:20:52","326","中国","北京市","北京市","","C.40-60","多闻","芳香","快乐","牢靠","故障","强盗","情投意合","","","C.警察","A.医院","A.石榴","B.西瓜","D.葡萄",
"362","19-Nov-2020 11:14:41","19-Nov-2020 11:20:47","366","中国","北京市","北京市","","C.40-60","多闻","芳香","快乐","牢靠","故障","匪盗","情投意合","德育","","C.警察","A.医院","B.桃子","B.西瓜","D.葡萄",
"361","19-Nov-2020 11:12:22","19-Nov-2020 11:17:08","286","中国","北京市","北京市","","C.40-60","多闻","芳香","快乐","牢靠","故障","匪盗","","","","C.警察","A.医院","B.桃子","B.西瓜","C.草莓",
"360","19-Nov-2020 11:09:02","19-Nov-2020 11:15:06","364","中国","江西省","南昌市","","C.40-60","多闻","芳香","快乐","牢靠","放肆","强盗","预约宴会","奋强","女领","C.警察","A.医院","B.桃子","B.西瓜","D.葡萄",
"359","19-Nov-2020 11:05:24","19-Nov-2020 11:12:49","445","中国","北京市","北京市","","C.40-60","多闻","芳香","快乐","牢靠","故障","强盗","情投意合","","","C.警察","A.医院","B.桃子","C.哈密瓜","B.木瓜",
"358","19-Nov-2020 11:02:40","19-Nov-2020 11:10:35","475","中国","北京市","北京市","","C.40-60","多闻","芳香","快乐","牢靠","敬佩","匪盗","","","","C.警察","A.医院","B.桃子","B.西瓜","C.草莓",
"357","19-Nov-2020 11:06:11","19-Nov-2020 11:09:10","179","中国","北京市","北京市","","B.20-40","多 闻","芳香","快乐牢靠","","","强盗","","","","C.警察","A.医院","B.桃子","B.西瓜","D.葡萄",
"356","19-Nov-2020 11:03:48","19-Nov-2020 11:08:53","305","中国","北京市","北京市","","C.40-60","多闻","芳香","快乐","","故障","匪盗","情投意合","","","C.警察","A.医院","C.苹果","B.西瓜","D.葡萄",
"355","19-Nov-2020 11:01:36","19-Nov-2020 11:05:21","225","中国","北京市","北京市","","A.0-20","多闻","芳香","快乐","牢靠","故事","匪盗","","","","C.警察","A.医院","B.桃子","B.西瓜","D.葡萄",
"354","19-Nov-2020 11:01:11","19-Nov-2020 11:05:08","237","中国","北京市","北京市","","C.40-60","多闻","芳香","快乐","牢靠","故障","淋浴","","","","C.警察","A.医院","B.桃子","B.西瓜","D.葡萄",
"353","19-Nov-2020 10:51:03","19-Nov-2020 11:01:45","642","中国","安徽省","阜阳市","","B.20-40","多闻","芳香","快乐","牢靠","故障","匪盗","汝","","","C.警察","A.医院","C.苹果","B.西瓜","D.葡萄",
"352","19-Nov-2020 10:57:36","19-Nov-2020 11:01:34","238","中国","新疆维吾尔自治区","乌鲁木齐市","","C.40-60","多闻","芳香","快乐","牢靠","故障","强盗","","","","C.警察","A.医院","B.桃子","C.哈密瓜","D.葡萄",
"351","19-Nov-2020 10:53:51","19-Nov-2020 11:01:24","453","中国","北京市","北京市","","A.0-20","多闻","芳香","快乐","牢靠","故障","匪盗","","","","C.警察","A.医院","B.桃子","B.西瓜","D.葡萄",
"350","19-Nov-2020 10:55:37","19-Nov-2020 11:01:19","342","中国","北京市","北京市","","C.40-60","多闻","芳香","快乐","求索","敬畏","匪浴","","","","C.警察","A.医院","B.桃子","B.西瓜","C.草莓",
"349","19-Nov-2020 10:55:29","19-Nov-2020 11:00:04","275","美国","","","","A.0-20","多闻","芳香","快乐","牢靠","放置","怪盗","不知道","不知道","文字","C.警察","A.医院","B.桃子","B.西瓜","D.葡萄",
"348","19-Nov-2020 10:57:27","19-Nov-2020 10:59:17","110","中国","北京市","北京市","","C.40-60","多闻","芳香","快乐","牢靠","故障","匪盗","","","","C.警察","A.医院","B.桃子","B.西瓜","D.葡萄",
"347","19-Nov-2020 10:55:06","19-Nov-2020 10:59:07","241","中国","上海市","上海市","","B.20-40","多闻","芳香","快乐","牢靠","放蹿","匪资","","","","C.警察","A.医院","B.桃子","B.西瓜","D.葡萄",
"346","19-Nov-2020 10:55:31","19-Nov-2020 10:58:40","189","中国","北京市","北京市","","C.40-60","多闻","芳香","快乐","牢靠","故障","匪盗","情投意合","","","C.警察","A.医院","B.桃子","B.西瓜","D.葡萄",
"345","19-Nov-2020 10:54:43","19-Nov-2020 10:56:30","107","中国","北京市","北京市","","C.40-60","多闻","芳香","快乐","牢靠","故障","","","","","C.警察","A.医院","C.苹果","B.西瓜","B.木瓜",
"344","19-Nov-2020 10:29:13","19-Nov-2020 10:55:50","1597","中国","北京市","北京市","","C.40-60","多闻","芳香","快乐","牢靠","故障","强盗","","确实","","C.警察","A.医院","B.桃子","B.西瓜","D.葡萄",
"343","19-Nov-2020 10:51:35","19-Nov-2020 10:54:54","199","中国","北京市","北京市","","C.40-60","多闻","芳香","快乐","牢靠","故障","洗浴","","","","C.警察","A.医院","B.桃子","B.西瓜","D.葡萄",
"342","19-Nov-2020 10:48:11","19-Nov-2020 10:54:00","349","中国","北京市","北京市","","C.40-60","多闻","芳香","快乐","牢靠","故障","浴","妆 合","","","B.消防","A.医院","B.桃子","B.西瓜","D.葡萄",
"341","19-Nov-2020 10:49:17","19-Nov-2020 10:53:59","282","中国","北京市","北京市","","C.40-60","多闻","芳香","快乐","牢靠","故障","","","","","C.警察","A.医院","B.桃子","B.西瓜","D.葡萄",
"340","19-Nov-2020 10:47:49","19-Nov-2020 10:53:25","336","中国","福建省","福州市","","B.20-40","多闻","芳香","快乐","牢靠","故障","匪盗","","","","C.警察","A.医院","B.桃子","B.西瓜","D.葡萄",
"339","19-Nov-2020 10:45:38","19-Nov-2020 10:53:09","451","中国","北京市","北京市","","C.40-60","多闻","芳香","快乐","牢靠","故障","匪","","","","C.警察","A.医院","B.桃子","B.西瓜","D.葡萄",
"338","19-Nov-2020 10:47:29","19-Nov-2020 10:52:51","322","中国","江苏省","南京市","","C.40-60","多闻","芳香","快乐","牢靠","故障","匪盗","情投意合","盗墓","","C.警察","A.医院","B.桃子","B.西瓜","D.葡萄",
"337","19-Nov-2020 10:50:31","19-Nov-2020 10:52:50","139","中国","安徽省","","","B.20-40","多闻","芳香","快乐","","","","","","","C.警察","A.医院","D.梨","B.西瓜","B.木瓜",
"336","19-Nov-2020 10:47:31","19-Nov-2020 10:52:26","295","中国","安徽省","合肥市","","C.40-60","多闻","芳香","快乐","牢靠","故障","匪盜","","","","C.警察","A.医院","C.苹果","C.哈密瓜","C.草莓",
"335","19-Nov-2020 10:46:40","19-Nov-2020 10:51:41","301","中国","北京市","北京市","","C.40-60","多闻","芳香","快乐","牢靠","故障","？浴","","","文学","C.警察","A.医院","C.苹果","B.西瓜","B.木瓜",
"334","19-Nov-2020 10:35:37","19-Nov-2020 10:50:44","907","中国","北京市","北京市","","C.40-60","多闻","芳香","快乐","牢靠","故障","强盗","","","","C.警察","A.医院","B.桃子","B.西瓜","D.葡萄",
"333","19-Nov-2020 10:44:58","19-Nov-2020 10:50:31","333","中国","北京市","北京市","","C.40-60","多闻","芳香","快乐","牢靠","放弃","强盗","滚没滚合","","","C.警察","A.医院","B.桃子","B.西瓜","D.葡萄",
"332","19-Nov-2020 10:45:23","19-Nov-2020 10:49:53","270","中国","北京市","北京市","","C.40-60","多闻","芳香","快乐","牢靠","故障","匪盗","","","","C.警察","A.医院","B.桃子","B.西瓜","D.葡萄",
"331","19-Nov-2020 10:43:56","19-Nov-2020 10:48:52","296","中国","北京市","北京市","","C.40-60","多闻","芳香","快乐","牢靠","故障","","","","","C.警察","A.医院","B.桃子","B.西瓜","D.葡萄",
"330","19-Nov-2020 10:46:21","19-Nov-2020 10:47:54","93","中国","北京市","北京市","","C.40-60","多闻","芳香","快乐","","故障","","","","","C.警察","A.医院","B.桃子","B.西瓜","D.葡萄",
"329","19-Nov-2020 10:41:51","19-Nov-2020 10:47:46","355","中国","北京市","北京市","","C.40-60","多闻","芳香","快乐","牢靠","故障","匪盗","","","","C.警察","A.医院","B.桃子","B.西瓜","D.葡萄",
"328","19-Nov-2020 10:44:52","19-Nov-2020 10:46:39","107","中国","北京市","","","C.40-60","多闻","芳香","快乐","","","","","","","C.警察","A.医院","A.石榴","B.西瓜","D.葡萄",
"327","19-Nov-2020 10:41:56","19-Nov-2020 10:45:46","230","中国","北京市","北京市","","A.0-20","多闻","芳香","快乐","牢靠","故日","匪济","","珍宝","","C.警察","A.医院","B.桃子","B.西瓜","C.草莓",
"326","19-Nov-2020 10:42:06","19-Nov-2020 10:44:34","148","中国","北京市","北京市","","C.40-60","多闻","芳香","快乐","牢靠、","故障","强盗","","","","C.警察","A.医院","B.桃子","B.西瓜","B.木瓜",
"325","19-Nov-2020 10:41:45","19-Nov-2020 10:44:13","148","中国","北京市","北京市","","C.40-60","多闻","芳香","快乐","牢靠","故障","","","","","C.警察","A.医院","B.桃子","B.西瓜","D.葡萄",
"324","19-Nov-2020 10:21:29","19-Nov-2020 10:43:01","1292","加拿大","","","","C.40-60","多闻","芳香","快乐","牢靠","故障","強盜","落英缤纷","需求","文旅","C.警察","A.医院","C.苹果","B.西瓜","D.葡萄",
"323","19-Nov-2020 10:35:53","19-Nov-2020 10:41:26","333","中国","北京市","北京市","","C.40-60","多闻","芳香","快乐","牢靠","放学","强盗","","","","C.警察","A.医院","B.桃子","B.西瓜","D.葡萄",
"322","19-Nov-2020 10:36:57","19-Nov-2020 10:39:54","177","中国","北京市","北京市","","C.40-60","多闻","芳香","快乐","牢靠","","匪盗","","","","C.警察","A.医院","C.苹果","B.西瓜","B.木瓜",
"321","19-Nov-2020 10:30:01","19-Nov-2020 10:39:12","551","中国","河南省","","","C.40-60","多闻","芳香","快乐","牢靠","教","涨资","","","","C.警察","A.医院","C.苹果","B.西瓜","D.葡萄",
"320","19-Nov-2020 10:34:20","19-Nov-2020 10:37:59","219","中国","北京市","北京市","","A.0-20","多闻","芳香","快乐","牢靠","故障","不知道","真看不清了","这不像素点吗","这已经不是能不能看清的问题了［狗头］，问什么还有下一页","C.警察","A.医院","B.桃子","B.西瓜","D.葡萄",
"319","19-Nov-2020 10:34:03","19-Nov-2020 10:37:57","234","中国","广东省","","","C.40-60","多闻","芳香","快乐","牢靠","故障强盗","","情投意合","希望","","C.警察","A.医院","B.桃子","B.西瓜","D.葡萄",
"318","19-Nov-2020 10:28:53","19-Nov-2020 10:37:12","499","中国","北京市","北京市","","C.40-60","多闻","芳香","快乐","车靠","我算","匪盗","源沙赛会","","","C.警察","A.医院","B.桃子","B.西瓜","D.葡萄",
"317","19-Nov-2020 10:30:47","19-Nov-2020 10:36:25","338","中国","北京市","北京市","","C.40-60","多闻","芳香","快乐","牢靠","故障","匪盗","不知道","不知道","大象","C.警察","A.医院","B.桃子","B.西瓜","C.草莓",
"316","19-Nov-2020 10:27:28","19-Nov-2020 10:36:24","536","中国","北京市","北京市","","C.40-60","多闻","芳香","快乐","牢靠","故障","匪溶","","","","C.警察","A.医院","B.桃子","B.西瓜","C.草莓",
"315","19-Nov-2020 10:34:04","19-Nov-2020 10:36:15","131","中国","北京市","北京市","","C.40-60","多闻","芳香","快乐","牢靠","","","","","","C.警察","A.医院","B.桃子","B.西瓜","C.草莓",
"314","19-Nov-2020 10:32:51","19-Nov-2020 10:35:59","188","中国","河北省","保定市","","C.40-60","多闻","芳香","快乐","牢靠","故障","匪盗","紫","","","C.警察","A.医院","B.桃子","B.西瓜","D.葡萄",
"313","19-Nov-2020 10:25:28","19-Nov-2020 10:35:24","596","中国","浙江省","","","C.40-60","多闻","芳香","快乐","牢靠","故障","匪盗","精妙意合","","","C.警察","A.医院","C.苹果","B.西瓜","D.葡萄",
"312","19-Nov-2020 10:30:34","19-Nov-2020 10:34:46","252","中国","北京市","北京市","","C.40-60","多闻","芳香","快乐","牢靠","故障","强盗","","","","C.警察","A.医院","B.桃子","B.西瓜","D.葡萄",
"311","19-Nov-2020 10:17:36","19-Nov-2020 10:34:40","1024","中国","北京市","北京市","","C.40-60","多闻","芳香","快乐","牢靠","故障","强盗","","","","C.警察","A.医院","B.桃子","B.西瓜","D.葡萄",
"310","19-Nov-2020 10:32:01","19-Nov-2020 10:34:37","156","中国","北京市","北京市","","A.0-20","多闻","芳香","快乐","牢靠","教诲","偷盗","","","","C.警察","A.医院","B.桃子","B.西瓜","C.草莓",
"309","19-Nov-2020 10:29:13","19-Nov-2020 10:33:48","275","中国","辽宁省","大连市","","C.40-60","多闻","芳香","快乐","牢靠","故障","服务","","","","C.警察","A.医院","B.桃子","B.西瓜","D.葡萄",
"308","19-Nov-2020 10:21:34","19-Nov-2020 10:33:12","698","中国","北京市","北京市","","C.40-60","多闻","芳香","快乐","牢靠","故障","强盗","","需要","","C.警察","A.医院","B.桃子","B.西瓜","D.葡萄",
"307","19-Nov-2020 10:21:13","19-Nov-2020 10:33:08","715","中国","北京市","北京市","","C.40-60","多闻","芳香","快乐","牢靠","故障","强盗","懒媛寝分","","","C.警察","A.医院","B.桃子","B.西瓜","D.葡萄",
"306","19-Nov-2020 10:28:14","19-Nov-2020 10:32:32","258","中国","北京市","北京市","","C.40-60","多闻","芳香","快乐","牢靠","故事","强盗","情投意合","","","C.警察","A.医院","B.桃子","B.西瓜","D.葡萄",
"305","19-Nov-2020 10:29:52","19-Nov-2020 10:32:08","136","中国","北京市","北京市","","C.40-60","多闻","芳香","快乐","车靠","故障","","","","","C.警察","A.医院","B.桃子","B.西瓜","C.草莓",
"304","19-Nov-2020 10:24:54","19-Nov-2020 10:31:09","375","中国","北京市","北京市","","C.40-60","多闻","芳香","快乐","牢靠","故障","匪浅","","","","C.警察","A.医院","C.苹果","B.西瓜","D.葡萄",
"303","19-Nov-2020 10:26:30","19-Nov-2020 10:30:21","231","中国","北京市","北京市","","C.40-60","多闻","芳香","快乐","牢靠","教师","","","","","C.警察","A.医院","B.桃子","B.西瓜","C.草莓",
"302","19-Nov-2020 10:23:57","19-Nov-2020 10:30:10","373","中国","北京市","北京市","","C.40-60","多闻","芳香","快乐","牢靠","故障","强盗","眼花缭乱","眼花","缭乱","C.警察","A.医院","B.桃子","B.西瓜","C.草莓",
"301","19-Nov-2020 10:24:44","19-Nov-2020 10:29:59","315","中国","安徽省","蚌埠市","","C.40-60","多闻","芳香","快乐","牢靠","故障","匪盗","","","文明","C.警察","A.医院","B.桃子","B.西瓜","D.葡萄",
"300","19-Nov-2020 10:05:28","19-Nov-2020 10:29:39","1451","中国","江苏省","南京市","","B.20-40","多闻","芳香","快乐","来靠","故障","匪浴","","","文","C.警察","A.医院","C.苹果","B.西瓜","D.葡萄",
"299","19-Nov-2020 10:24:24","19-Nov-2020 10:29:15","291","日本","","","","C.40-60","多闻","芳香","快乐","牢靠故障","故障","匪盗","","","","C.警察","A.医院","B.桃子","B.西瓜","D.葡萄",
"298","19-Nov-2020 10:25:00","19-Nov-2020 10:28:42","222","中国","北京市","北京市","","C.40-60","多闻","芳香","快乐","牢靠","故障","强盗","情投意合","啊哈","再见","C.警察","A.医院","B.桃子","B.西瓜","D.葡萄",
"297","19-Nov-2020 10:25:58","19-Nov-2020 10:28:27","149","中国","北京市","北京市","","C.40-60","多闻","芳香","快乐","","","","","","","C.警察","A.医院","B.桃子","B.西瓜","D.葡萄",
"296","19-Nov-2020 10:23:53","19-Nov-2020 10:28:23","270","中国","广东省","广州市","","B.20-40","多闻","芳香","快乐","求索","故事","匪盗","情投意合","","","C.警察","A.医院","A.石榴","B.西瓜","D.葡萄",
"295","19-Nov-2020 10:23:28","19-Nov-2020 10:28:18","290","中国","北京市","北京市","","C.40-60","多闻","芳香","快乐","牢靠","故障","匪盗","情投意合","","","C.警察","A.医院","B.桃子","B.西瓜","D.葡萄",
"294","19-Nov-2020 10:16:26","19-Nov-2020 10:28:09","703","中国","北京市","北京市","","C.40-60","多闻","芳香","快乐","牢靠","故障","强盗","","","","C.警察","A.医院","B.桃子","B.西瓜","D.葡萄",
"293","19-Nov-2020 10:23:14","19-Nov-2020 10:27:57","283","中国","北京市","北京市","","C.40-60","多闻","芳香","快乐","牢靠","故障","沐浴","","","","C.警察","A.医院","C.苹果","B.西瓜","D.葡萄",
"292","19-Nov-2020 10:20:38","19-Nov-2020 10:27:27","409","中国","北京市","北京市","","C.40-60","多闻","芳香","快乐","牢靠","故障","强盗","","","","C.警察","A.医院","C.苹果","B.西瓜","D.葡萄",
"291","19-Nov-2020 10:23:30","19-Nov-2020 10:27:08","218","中国","北京市","北京市","","C.40-60","多闻","芳香","快乐","牢靠","故障","匪盗","","","","C.警察","A.医院","B.桃子","B.西瓜","A.哈密瓜",
"290","19-Nov-2020 10:22:29","19-Nov-2020 10:26:13","224","中国","上海市","上海市","","C.40-60","多闻","芳香","快乐","牢靠","","匪盗","","","","C.警察","A.医院","B.桃子","B.西瓜","A.哈密瓜",
"289","19-Nov-2020 10:22:52","19-Nov-2020 10:25:28","156","中国","北京市","北京市","","C.40-60","多闻","芳香","快乐","牢靠","故障","匪温","清妙意合","","","C.警察","A.医院","B.桃子","C.哈密瓜","D.葡萄",
"288","19-Nov-2020 10:22:41","19-Nov-2020 10:25:01","140","美国","","","","A.0-20","多闻","芬香","快乐","牢靠","故障","","精汝满分","","","C.警察","A.医院","B.桃子","B.西瓜","C.草莓",
"287","19-Nov-2020 10:18:53","19-Nov-2020 10:23:45","292","中国","北京市","北京市","","C.40-60","多闻","芳香","快乐","牢靠","故障","匪盗","情投意合","盗卖","","C.警察","A.医院","B.桃子","B.西瓜","D.葡萄",
"286","19-Nov-2020 10:18:53","19-Nov-2020 10:23:34","281","中国","北京市","北京市","","C.40-60","多闻","芳香","快乐","看不清","故障","看不清","看不清","看不清","看不清","C.警察","A.医院","B.桃子","B.西瓜","D.葡萄",
"285","19-Nov-2020 10:19:44","19-Nov-2020 10:23:10","206","中国","北京市","北京市","","B.20-40","多闻","芳香","快乐","牢靠","故障","匪盗","情投意合","","","C.警察","A.医院","B.桃子","B.西瓜","D.葡萄",
"284","19-Nov-2020 10:20:20","19-Nov-2020 10:22:37","137","美国","","","","A.0-20","多闻","芬香","快乐","宋","","","","","","C.警察","A.医院","B.桃子","B.西瓜","B.木瓜",
"283","19-Nov-2020 10:16:42","19-Nov-2020 10:22:31","349","中国","北京市","北京市","","C.40-60","多闻","芳香","快乐","牢靠","故障","浴","","","","C.警察","A.医院","B.桃子","B.西瓜","C.草莓",
"282","19-Nov-2020 10:18:02","19-Nov-2020 10:22:01","239","中国","北京市","北京市","","C.40-60","多闻","芳香","快乐","牢靠","放肆","匪盗","","","","C.警察","A.医院","B.桃子","B.西瓜","D.葡萄",
"281","19-Nov-2020 10:17:23","19-Nov-2020 10:19:26","123","中国","北京市","北京市","","A.0-20","多闻","芳香","快乐","牢靠","","强盗","","","","C.警察","A.医院","B.桃子","B.西瓜","D.葡萄",
"280","19-Nov-2020 10:15:01","19-Nov-2020 10:19:10","249","中国","北京市","北京市","","C.40-60","多闻","芳","快乐","牢","故障","匪盗","","","","C.警察","A.医院","B.桃子","B.西瓜","C.草莓",
"279","19-Nov-2020 10:14:41","19-Nov-2020 10:17:43","182","中国","北京市","北京市","","C.40-60","多闻","芳香","快乐","牢靠","故障","强盗","","","","C.警察","A.医院","B.桃子","B.西瓜","D.葡萄",
"278","19-Nov-2020 10:12:07","19-Nov-2020 10:17:25","318","中国","广东省","深圳市","","C.40-60","多闻","芳香","快乐","牢靠","故障","强盗","难解难分","","","C.警察","A.医院","B.桃子","B.西瓜","D.葡萄",
"277","19-Nov-2020 10:12:59","19-Nov-2020 10:17:23","264","中国","北京市","北京市","","C.40-60","多闻","芳香","快乐","牢靠","放肆","匪盗","","","","C.警察","A.医院","B.桃子","B.西瓜","D.葡萄",
"276","19-Nov-2020 10:06:19","19-Nov-2020 10:17:03","644","中国","北京市","北京市","","C.40-60","多闻","芳香","快乐","牢靠","故障","淋浴","","","","C.警察","A.医院","B.桃子","B.西瓜","D.葡萄",
"275","19-Nov-2020 10:13:55","19-Nov-2020 10:16:22","147","美国","","","","A.0-20","多闻","芳香","快乐","车象","故路","","","","","C.警察","A.医院","B.桃子","B.西瓜","C.草莓",
"274","19-Nov-2020 10:08:10","19-Nov-2020 10:15:16","426","中国","北京市","北京市","","C.40-60","多闻","芳香","快乐","牢靠","故障","匪盗","情投意合","","","C.警察","A.医院","B.桃子","B.西瓜","C.草莓",
"273","19-Nov-2020 10:10:32","19-Nov-2020 10:15:04","272","中国","北京市","北京市","","C.40-60","多闻","芳香","快乐","牢靠","故障","匪盗","情投意合","","","C.警察","A.医院","B.桃子","A.葡萄","B.木瓜",
"272","19-Nov-2020 10:08:32","19-Nov-2020 10:13:40","308","中国","北京市","北京市","","C.40-60","多闻","芳香","快乐","牢靠","故障","匪盗","。。。合","？？","？？","C.警察","A.医院","B.桃子","B.西瓜","D.葡萄",
"271","19-Nov-2020 10:05:41","19-Nov-2020 10:13:33","472","中国","北京市","北京市","","C.40-60","多闻","芳香","快乐","牢靠","故障","强盗","情投意合","","","C.警察","A.医院","B.桃子","B.西瓜","D.葡萄",
"270","19-Nov-2020 10:07:29","19-Nov-2020 10:12:52","323","中国","北京市","北京市","","C.40-60","多闻","芳香","快乐","牢靠","故障","强盗","情投意合","","","C.警察","A.医院","B.桃子","B.西瓜","D.葡萄",
"269","19-Nov-2020 10:09:17","19-Nov-2020 10:12:11","174","中国","北京市","北京市","","C.40-60","多闻","芳香","快乐","牢靠","故障","匪盗","","","","C.警察","A.医院","B.桃子","B.西瓜","D.葡萄",
"268","19-Nov-2020 09:43:49","19-Nov-2020 10:11:45","1676","中国","江苏省","","","C.40-60","多闻","芳香","快乐","牢靠","故障","强盗","情投意合","","","C.警察","A.医院","B.桃子","B.西瓜","D.葡萄",
"267","19-Nov-2020 10:06:19","19-Nov-2020 10:11:40","321","中国","福建省","福州市","","C.40-60","动词","定义词","形容词动","动词动词","","","","","","C.警察","A.医院","D.梨","A.葡萄","C.草莓",
"266","19-Nov-2020 10:08:09","19-Nov-2020 10:11:40","211","中国","北京市","北京市","","C.40-60","多闻","芳香","快乐","牢靠","故障","防盗","","","","C.警察","A.医院","B.桃子","B.西瓜","A.哈密瓜",
"265","19-Nov-2020 10:07:11","19-Nov-2020 10:11:25","254","中国","上海市","上海市","","C.40-60","多闻","芳香","快乐","牢靠","故障","匪盗","","","女","C.警察","A.医院","B.桃子","C.哈密瓜","D.葡萄",
"264","19-Nov-2020 10:08:08","19-Nov-2020 10:11:24","196","中国","北京市","北京市","","C.40-60","多闻","芳香","快乐","牢靠","故障","","","","","C.警察","A.医院","B.桃子","B.西瓜","C.草莓",
"263","19-Nov-2020 10:07:29","19-Nov-2020 10:11:20","231","中国","北京市","北京市","","C.40-60","多闻","芳香","快乐","牢靠","故障","匪盗","","","","C.警察","A.医院","B.桃子","B.西瓜","D.葡萄",
"262","19-Nov-2020 10:05:17","19-Nov-2020 10:10:50","333","中国","北京市","北京市","","C.40-60","多闻","芳香","快乐","牢靠","故障","匪徒","","","","C.警察","A.医院","B.桃子","B.西瓜","A.哈密瓜",
"261","19-Nov-2020 10:00:10","19-Nov-2020 10:10:31","621","中国","北京市","北京市","","C.40-60","多闻","芳香","快乐","牢靠","故障","匪盗","","盗窃","","C.警察","A.医院","B.桃子","B.西瓜","C.草莓",
"260","19-Nov-2020 10:05:58","19-Nov-2020 10:10:28","270","中国","北京市","北京市","","C.40-60","多闻","芳香","快乐","牢靠","救援","沐浴","紫气东来","彩色","上海","C.警察","A.医院","C.苹果","B.西瓜","B.木瓜",
"259","19-Nov-2020 10:04:11","19-Nov-2020 10:09:58","347","中国","北京市","北京市","","C.40-60","多闻","芳香","快乐","牢靠","故障","强盗","","","","C.警察","A.医院","B.桃子","B.西瓜","D.葡萄",
"258","19-Nov-2020 10:05:28","19-Nov-2020 10:08:54","206","中国","北京市","北京市","","C.40-60","多闻","芳香","快乐","牢靠","故障","","","","","C.警察","A.医院","B.桃子","B.西瓜","C.草莓",
"257","19-Nov-2020 10:00:31","19-Nov-2020 10:08:42","491","中国","北京市","北京市","","C.40-60","多闻芳香芳香芳香芳香芳香芳香芳香芳香芳香","芳香","快乐牢靠牢靠牢靠牢靠牢靠牢靠牢靠牢靠","牢靠故障故障","故障匪盗","匪盗","","","","C.警察","A.医院","B.桃子","B.西瓜","C.草莓",
"256","19-Nov-2020 09:56:25","19-Nov-2020 10:08:17","712","中国","北京市","北京市","","C.40-60","多闻","芳香","快乐","牢靠","故障","匪盗","情投意合","","","C.警察","A.医院","B.桃子","B.西瓜","D.葡萄",
"255","19-Nov-2020 10:02:04","19-Nov-2020 10:08:00","356","中国","北京市","北京市","","C.40-60","多闻","芳香","快乐","求索","故障","","","","","C.警察","A.医院","B.桃子","C.哈密瓜","C.草莓",
"254","19-Nov-2020 10:02:41","19-Nov-2020 10:07:51","310","中国","北京市","北京市","","C.40-60","多闻","芳香","快乐","牢靠","故障","匪盗","","","","C.警察","A.医院","B.桃子","B.西瓜","C.草莓",
"253","19-Nov-2020 10:04:23","19-Nov-2020 10:07:36","193","中国","北京市","北京市","","C.40-60","多闻","芳香","快乐","宁静","故障","盆浴","情投意合","","","C.警察","A.医院","B.桃子","C.哈密瓜","D.葡萄",
"252","19-Nov-2020 10:04:38","19-Nov-2020 10:07:30","172","中国","北京市","北京市","","C.40-60","多闻","芳香","快乐","牢靠","故障","匪盗","","","","C.警察","A.医院","B.桃子","C.哈密瓜","D.葡萄",
"251","19-Nov-2020 10:02:48","19-Nov-2020 10:07:10","262","中国","北京市","北京市","","C.40-60","多闻","芳香","快乐","牢靠","鼓舞","匪盗","","","","C.警察","A.医院","C.苹果","B.西瓜","D.葡萄",
"250","19-Nov-2020 10:02:24","19-Nov-2020 10:07:09","285","中国","北京市","北京市","","C.40-60","多闻","芳香","快乐","印象","敬佩","不认识","不认识","不认识","不认识","C.警察","A.医院","C.苹果","C.哈密瓜","D.葡萄",
"249","19-Nov-2020 10:02:10","19-Nov-2020 10:07:07","297","中国","北京市","北京市","","C.40-60","多闻","芳香","快乐","牢靠","故障","强盗","","","","C.警察","A.医院","C.苹果","B.西瓜","D.葡萄",
"248","19-Nov-2020 10:02:37","19-Nov-2020 10:06:01","204","中国","北京市","北京市","","C.40-60","多闻","芳香","快乐","牢靠","故障","？浴","？？？我","","","C.警察","A.医院","B.桃子","B.西瓜","D.葡萄",
"247","19-Nov-2020 10:01:40","19-Nov-2020 10:05:51","251","中国","北京市","北京市","","C.40-60","多闻","芳香","快乐","牢靠","故障","满溢","","","","C.警察","A.医院","B.桃子","B.西瓜","D.葡萄",
"246","19-Nov-2020 09:56:56","19-Nov-2020 10:05:43","527","中国","北京市","北京市","","C.40-60","多闻","芳香","快乐","牢靠","故障","强盗","精妙","","","C.警察","A.医院","B.桃子","B.西瓜","D.葡萄",
"245","19-Nov-2020 10:03:00","19-Nov-2020 10:05:40","160","中国","北京市","北京市","","C.40-60","多闻","芳香","快乐","牢靠","故障","缤纷","","","","C.警察","A.医院","B.桃子","B.西瓜","C.草莓",
"244","19-Nov-2020 10:01:53","19-Nov-2020 10:05:37","224","中国","北京市","北京市","","B.20-40","多闻","芳香","快了","牢牢","故障","匪盗","","","","C.警察","A.医院","C.苹果","B.西瓜","D.葡萄",
"243","19-Nov-2020 10:01:00","19-Nov-2020 10:05:07","247","中国","北京市","北京市","","C.40-60","多闻","芳香","快乐","牢靠","故障","匪盗","","","","C.警察","A.医院","B.桃子","B.西瓜","C.草莓",
"242","19-Nov-2020 09:59:35","19-Nov-2020 10:05:00","325","中国","上海市","上海市","","C.40-60","多闻","芳香","快乐","牢靠","故障","匪盗","情投意合","蛋黄","文学","C.警察","A.医院","B.桃子","B.西瓜","D.葡萄",
"241","19-Nov-2020 09:51:38","19-Nov-2020 10:04:35","777","中国","山东省","","","C.40-60","多闻","芳香","快乐","牢靠","故障","强盗","","","文化","C.警察","A.医院","B.桃子","B.西瓜","D.葡萄",
"240","19-Nov-2020 09:57:27","19-Nov-2020 10:04:10","403","中国","北京市","北京市","","B.20-40","多闻","芳香","快乐","牢罪","","","","","","C.警察","A.医院","B.桃子","B.西瓜","C.草莓",
"239","19-Nov-2020 10:01:22","19-Nov-2020 10:03:55","153","中国","北京市","北京市","","C.40-60","多闻","芳香","快乐","牢靠","故障","速溶","","","","C.警察","A.医院","B.桃子","B.西瓜","D.葡萄",
"238","19-Nov-2020 10:00:41","19-Nov-2020 10:03:30","169","中国","北京市","北京市","","C.40-60","多闻","芳香","快乐","牢靠","故障","强盗","","","","C.警察","A.医院","B.桃子","B.西瓜","D.葡萄",
"237","19-Nov-2020 10:00:07","19-Nov-2020 10:03:24","197","中国","北京市","北京市","","B.20-40","多闻","芳香","快乐","牢靠","故障","强盗","","满贯","","C.警察","A.医院","B.桃子","B.西瓜","C.草莓",
"236","19-Nov-2020 09:59:16","19-Nov-2020 10:03:18","242","中国","江苏省","","","C.40-60","多闻","芳香","快乐","牢靠","故障","","","","","C.警察","A.医院","C.苹果","B.西瓜","C.草莓",
"235","19-Nov-2020 09:52:09","19-Nov-2020 10:03:17","668","中国","四川省","","","B.20-40","多闻","芳香","快乐","牢靠","故障","匪盗","","","","C.警察","A.医院","B.桃子","B.西瓜","D.葡萄",
"234","19-Nov-2020 09:59:17","19-Nov-2020 10:02:58","221","中国","北京市","北京市","","C.40-60","多闻","芳香","快乐","牢靠","故障","淋浴","悲欢离合","需要","","C.警察","A.医院","B.桃子","B.西瓜","D.葡萄",
"233","19-Nov-2020 09:56:34","19-Nov-2020 10:01:46","312","中国","北京市","北京市","","B.20-40","多闻","芳香","快乐","牢靠","故障","匪盗","","","","C.警察","A.医院","B.桃子","B.西瓜","C.草莓",
"232","19-Nov-2020 09:54:15","19-Nov-2020 10:00:43","388","中国","北京市","北京市","","C.40-60","多闻","芳香","快乐","牢靠","故障","匪盗","五彩缤纷","","","C.警察","A.医院","B.桃子","B.西瓜","C.草莓",
"231","19-Nov-2020 09:54:03","19-Nov-2020 09:59:16","313","中国","北京市","北京市","","C.40-60","多闻","芳香","快乐","依靠","故障","强盗","浓妆艳抹","强战","女神","C.警察","A.医院","B.桃子","B.西瓜","D.葡萄",
"230","19-Nov-2020 09:56:52","19-Nov-2020 09:59:08","136","中国","北京市","北京市","","C.40-60","多闻","芳香","快乐","本篆","放飞","","分","","","C.警察","A.医院","B.桃子","B.西瓜","C.草莓",
"229","19-Nov-2020 09:54:37","19-Nov-2020 09:58:46","249","中国","北京市","北京市","","C.40-60","多闻","芳香","快乐","牢靠","故障","","","","","C.警察","A.医院","B.桃子","B.西瓜","D.葡萄",
"228","19-Nov-2020 09:54:20","19-Nov-2020 09:58:26","246","中国","北京市","北京市","","C.40-60","多闻","芳香","快乐","牢靠","敬畏","露浴","","","","C.警察","A.医院","B.桃子","B.西瓜","D.葡萄",
"227","19-Nov-2020 09:51:08","19-Nov-2020 09:58:25","437","中国","北京市","北京市","","C.40-60","多闻","芳香","快乐","牢靠","故障","淋浴","","需要","","C.警察","A.医院","B.桃子","B.西瓜","D.葡萄",
"226","19-Nov-2020 09:56:22","19-Nov-2020 09:57:44","82","中国","北京市","北京市","","C.40-60","多闻","","快乐","","","","","","","C.警察","A.医院","B.桃子","B.西瓜","C.草莓",
"225","19-Nov-2020 09:53:52","19-Nov-2020 09:57:34","222","中国","北京市","北京市","","C.40-60","多闻","芳香","快乐","牢靠","故","","","","","C.警察","A.医院","B.桃子","B.西瓜","C.草莓",
"224","19-Nov-2020 09:55:14","19-Nov-2020 09:57:28","134","中国","上海市","上海市","","C.40-60","多闻","芳香","快乐","牢靠","故障","速溶","情投意合","","","C.警察","A.医院","B.桃子","B.西瓜","D.葡萄",
"223","19-Nov-2020 09:50:50","19-Nov-2020 09:57:25","395","中国","北京市","北京市","","C.40-60","多闻","芳香","快乐","牢靠","故障","强盗","情投意合","","","C.警察","A.医院","B.桃子","B.西瓜","C.草莓",
"222","19-Nov-2020 09:52:41","19-Nov-2020 09:57:23","282","中国","北京市","北京市","","C.40-60","多闻","芳香","快乐","牢靠","故障","匪盗","","","","C.警察","A.医院","B.桃子","B.西瓜","D.葡萄",
"221","19-Nov-2020 09:50:49","19-Nov-2020 09:56:55","366","中国","北京市","北京市","","C.40-60","多闻","芳香","快乐","本尊","故障","匪盗","","","","C.警察","A.医院","B.桃子","B.西瓜","A.哈密瓜",
"220","19-Nov-2020 09:51:21","19-Nov-2020 09:56:29","308","中国","北京市","北京市","","C.40-60","多闻","芳香","快乐","牢靠","故障","匪盗","","","","C.警察","A.医院","B.桃子","B.西瓜","B.木瓜",
"219","19-Nov-2020 09:53:35","19-Nov-2020 09:56:27","172","中国","北京市","北京市","","C.40-60","多闻","芳香","快乐","牢靠","故障","","","","","C.警察","A.医院","B.桃子","B.西瓜","D.葡萄",
"218","19-Nov-2020 09:51:30","19-Nov-2020 09:56:22","292","中国","北京市","北京市","","C.40-60","多闻","芳春","快乐","车象","","","","","","C.警察","A.医院","B.桃子","B.西瓜","C.草莓",
"217","19-Nov-2020 09:52:13","19-Nov-2020 09:56:11","238","中国","北京市","北京市","","C.40-60","多闻","芳香","快乐","牢靠","故事","强盗","","","","C.警察","A.医院","B.桃子","B.西瓜","B.木瓜",
"216","19-Nov-2020 09:50:35","19-Nov-2020 09:55:41","306","中国","北京市","北京市","","C.40-60","多闻","芳香","快乐","牢靠","故障","匪盗","","盗","","C.警察","A.医院","B.桃子","B.西瓜","C.草莓",
"215","19-Nov-2020 09:46:04","19-Nov-2020 09:55:32","568","中国","北京市","北京市","","C.40-60","多闻","芳香","快乐","车篮","故障","海盗","美妆合集","橙黄","玄幻","C.警察","A.医院","B.桃子","B.西瓜","C.草莓",
"214","19-Nov-2020 09:51:55","19-Nov-2020 09:55:28","213","中国","北京市","北京市","","C.40-60","多闻","芳香","快乐","牢靠","故障","匪盗","","","","C.警察","A.医院","B.桃子","B.西瓜","D.葡萄",
"213","19-Nov-2020 09:44:18","19-Nov-2020 09:55:03","645","中国","北京市","北京市","","C.40-60","多闻","芳香","快乐","牢靠","放肆","淋浴","","","","C.警察","A.医院","B.桃子","B.西瓜","C.草莓",
"212","19-Nov-2020 09:46:20","19-Nov-2020 09:54:30","490","中国","北京市","北京市","","C.40-60","多闻","芳香","快乐","","","","","","","C.警察","A.医院","B.桃子","B.西瓜","D.葡萄",
"211","19-Nov-2020 09:49:45","19-Nov-2020 09:54:18","273","中国","北京市","北京市","","C.40-60","多闻","芳香","快乐","牢靠","故障","强盗","","","","C.警察","A.医院","B.桃子","B.西瓜","D.葡萄",
"210","19-Nov-2020 09:46:57","19-Nov-2020 09:54:14","437","中国","北京市","北京市","","C.40-60","多闻","芳香","快乐","牢靠","故障","强盗","","","","C.警察","A.医院","B.桃子","B.西瓜","D.葡萄",
"209","19-Nov-2020 09:52:59","19-Nov-2020 09:54:13","74","中国","北京市","北京市","","C.40-60","","","","","","","","","","C.警察","B.消防","B.桃子","A.葡萄","A.哈密瓜",
"208","19-Nov-2020 09:50:31","19-Nov-2020 09:53:59","208","中国","北京市","北京市","","C.40-60","多闻","芳香","快乐","牢靠","故障","","","","","C.警察","A.医院","B.桃子","B.西瓜","C.草莓",
"207","19-Nov-2020 09:49:23","19-Nov-2020 09:52:37","194","中国","北京市","北京市","","C.40-60","多闻","芳香","快乐","本能","故障","洗浴","？？寒？","？？","？？","C.警察","A.医院","B.桃子","B.西瓜","D.葡萄",
"206","19-Nov-2020 09:49:32","19-Nov-2020 09:52:27","175","中国","北京市","北京市","","C.40-60","多闻","芳香","快乐","牢靠","故障","强盗","","","","C.警察","A.医院","B.桃子","B.西瓜","D.葡萄",
"205","19-Nov-2020 09:44:47","19-Nov-2020 09:52:06","439","中国","北京市","北京市","","C.40-60","多闻","芳香","快乐","牢靠","鼓舞","匪盗","情投意合","培养","繁琐","C.警察","A.医院","D.梨","C.哈密瓜","B.木瓜",
"204","19-Nov-2020 09:47:38","19-Nov-2020 09:51:51","253","中国","北京市","北京市","","C.40-60","多闻","芳香","快乐","牢靠","故障","匪盗","","","","C.警察","A.医院","B.桃子","B.西瓜","C.草莓",
"203","19-Nov-2020 09:47:19","19-Nov-2020 09:51:50","271","中国","北京市","北京市","","C.40-60","多闻","芳香","快乐","丰菲","教","啊","无法辩认","看不出","太模糊","C.警察","B.消防","B.桃子","B.西瓜","C.草莓",
"202","19-Nov-2020 09:47:26","19-Nov-2020 09:51:46","260","中国","北京市","北京市","","C.40-60","多闻","芳香","快乐","牢靠","故障","淋浴","难舍难分","紫薇","零落","C.警察","A.医院","B.桃子","B.西瓜","D.葡萄",
"201","19-Nov-2020 09:46:31","19-Nov-2020 09:51:12","281","中国","北京市","北京市","","C.40-60","多闻","芳香","快乐","车靠","放","匪盗","滚 滚贪","","","C.警察","A.医院","B.桃子","B.西瓜","D.葡萄",
"200","19-Nov-2020 09:45:44","19-Nov-2020 09:51:06","322","中国","河南省","","","C.40-60","多闻","芳香","快乐","牢靠","故障","匪浴","濂妙濂合","混蛋","二货","C.警察","A.医院","B.桃子","B.西瓜","C.草莓",
"199","19-Nov-2020 09:48:08","19-Nov-2020 09:50:59","171","中国","北京市","北京市","","C.40-60","多闻","芳香","快乐","","","","","","","C.警察","A.医院","B.桃子","C.哈密瓜","C.草莓",
"198","19-Nov-2020 09:46:42","19-Nov-2020 09:50:21","219","中国","上海市","上海市","","C.40-60","多闻","芳香","快乐","牢靠","故障","强盗","","","","C.警察","A.医院","B.桃子","B.西瓜","B.木瓜",
"197","19-Nov-2020 09:46:12","19-Nov-2020 09:50:15","243","中国","北京市","北京市","","C.40-60","多闻","芳香","快乐","牢靠","故障","","","","","C.警察","A.医院","C.苹果","B.西瓜","D.葡萄",
"196","19-Nov-2020 09:47:03","19-Nov-2020 09:50:09","186","中国","北京市","北京市","","C.40-60","多闻","芳香","快乐","牢靠","放肆","匪盗","情投意合","","","C.警察","A.医院","B.桃子","B.西瓜","C.草莓",
"195","19-Nov-2020 09:46:18","19-Nov-2020 09:49:37","199","中国","北京市","北京市","","C.40-60","多闻","芳香","快乐","牢靠","故障","匪盗","","","","C.警察","A.医院","B.桃子","B.西瓜","D.葡萄",
"194","19-Nov-2020 09:44:09","19-Nov-2020 09:49:17","308","中国","广东省","深圳市","","C.40-60","多闻","芳香","快乐","牢靠","故障","强盗","情投意合","需要","多谢","C.警察","A.医院","B.桃子","B.西瓜","D.葡萄",
"193","19-Nov-2020 09:45:42","19-Nov-2020 09:49:09","207","中国","北京市","北京市","","C.40-60","多闻","芳香","快乐","靠","救","","","","","C.警察","A.医院","B.桃子","B.西瓜","D.葡萄",
"192","19-Nov-2020 09:43:40","19-Nov-2020 09:48:50","310","中国","北京市","北京市","","C.40-60","多闻","芳香","快乐","牢靠","故障","匪盗","","","","C.警察","A.医院","B.桃子","C.哈密瓜","B.木瓜",
"191","19-Nov-2020 09:44:17","19-Nov-2020 09:48:45","268","中国","北京市","北京市","","C.40-60","多闻","芳香","快乐","牢靠","故事","匪盗","","","","C.警察","A.医院","B.桃子","B.西瓜","C.草莓",
"190","19-Nov-2020 09:45:25","19-Nov-2020 09:48:35","190","中国","北京市","北京市","","C.40-60","多闻","芳香","快乐","牢靠","故障","强盗","","","","C.警察","A.医院","B.桃子","B.西瓜","D.葡萄",
"189","19-Nov-2020 09:42:10","19-Nov-2020 09:48:14","364","中国","北京市","北京市","","C.40-60","多闻","芳香","快乐","牢靠","故障","匪盗","","","","C.警察","A.医院","C.苹果","C.哈密瓜","B.木瓜",
"188","19-Nov-2020 09:45:29","19-Nov-2020 09:48:13","164","中国","北京市","北京市","","C.40-60","多闻","芳香","快乐","求索","故障","","","","","C.警察","A.医院","C.苹果","B.西瓜","C.草莓",
"187","19-Nov-2020 09:45:23","19-Nov-2020 09:48:07","164","中国","北京市","北京市","","C.40-60","多闻","芳香","快乐","牢靠","故","","","","","C.警察","A.医院","B.桃子","B.西瓜","D.葡萄",
"186","19-Nov-2020 09:43:56","19-Nov-2020 09:48:00","244","中国","北京市","北京市","","C.40-60","多闻","芳香","快乐","牢靠","故障","强盗","","","","C.警察","A.医院","C.苹果","B.西瓜","C.草莓",
"185","19-Nov-2020 09:41:20","19-Nov-2020 09:47:59","399","中国","北京市","北京市","","C.40-60","多闻","芳香","快乐","牢靠","故障","匪盗","情投意合","酱","空","C.警察","A.医院","C.苹果","B.西瓜","D.葡萄",
"184","19-Nov-2020 09:44:36","19-Nov-2020 09:47:27","171","中国","北京市","北京市","","C.40-60","多闻","芳香","快乐","牢靠","故障","","","","","C.警察","A.医院","B.桃子","B.西瓜","C.草莓",
"183","19-Nov-2020 09:44:20","19-Nov-2020 09:47:20","180","中国","北京市","北京市","","C.40-60","多闻","芳香","快乐","牢靠","故障","","","","","C.警察","A.医院","B.桃子","B.西瓜","D.葡萄",
"182","19-Nov-2020 09:43:20","19-Nov-2020 09:47:06","226","中国","北京市","北京市","","C.40-60","多闻","芳香","快乐","牢靠","","匪盗","紫","","","C.警察","A.医院","B.桃子","B.西瓜","D.葡萄",
"181","19-Nov-2020 09:43:22","19-Nov-2020 09:47:00","218","中国","北京市","北京市","","C.40-60","多闻","芳香","快乐","车","故障","浴","","","","C.警察","A.医院","B.桃子","B.西瓜","C.草莓",
"180","19-Nov-2020 09:43:41","19-Nov-2020 09:46:45","184","中国","北京市","北京市","","C.40-60","多闻","芳香","快乐","牢靠","故障","","","","","C.警察","A.医院","B.桃子","B.西瓜","A.哈密瓜",
"179","19-Nov-2020 09:38:33","19-Nov-2020 09:46:35","482","中国","北京市","北京市","","C.40-60","多闻","芳香","快乐","牢靠","故障","强盗","","","","C.警察","A.医院","B.桃子","B.西瓜","A.哈密瓜",
"178","19-Nov-2020 09:43:22","19-Nov-2020 09:46:34","192","中国","北京市","北京市","","C.40-60","多闻","芳香","快乐","","","","","","","C.警察","A.医院","C.苹果","C.哈密瓜","D.葡萄",
"177","19-Nov-2020 09:42:34","19-Nov-2020 09:45:59","205","中国","广东省","","","C.40-60","多闻","芳香","快乐","本能","故障","服务","情投意合","","","C.警察","A.医院","B.桃子","B.西瓜","D.葡萄",
"176","19-Nov-2020 09:41:07","19-Nov-2020 09:45:50","283","中国","广东省","深圳市","","C.40-60","多闻","芳香","快乐","牢靠","故障","强盗","情投意合","","","C.警察","A.医院","B.桃子","B.西瓜","D.葡萄",
"175","19-Nov-2020 09:42:36","19-Nov-2020 09:45:26","170","中国","北京市","北京市","","C.40-60","多闻","芳香","快乐","本靠","故障","畅谈","","","","C.警察","A.医院","C.苹果","B.西瓜","D.葡萄",
"174","19-Nov-2020 09:41:17","19-Nov-2020 09:45:15","238","中国","北京市","北京市","","C.40-60","多闻","芳香","快乐","","","","","","","C.警察","A.医院","B.桃子","B.西瓜","D.葡萄",
"173","19-Nov-2020 09:39:02","19-Nov-2020 09:45:12","370","中国","北京市","北京市","","C.40-60","多闻","芳香","快乐","零象","教授","","","","","C.警察","A.医院","C.苹果","B.西瓜","C.草莓",
"172","19-Nov-2020 09:29:47","19-Nov-2020 09:45:12","925","中国","北京市","北京市","","C.40-60","多闻","fang xian gu","快乐","牢靠","故障","匪盗","情投意合","季节","看不清","C.警察","A.医院","B.桃子","B.西瓜","A.哈密瓜",
"171","19-Nov-2020 09:42:19","19-Nov-2020 09:44:58","159","中国","北京市","北京市","","C.40-60","多闻","芳香","快乐","牢靠","故障","服务","","","","C.警察","A.医院","B.桃子","B.西瓜","D.葡萄",
"170","19-Nov-2020 09:12:33","19-Nov-2020 09:44:49","1936","中国","北京市","北京市","","C.40-60","多闻","芳香","快乐","牢靠","故障","匪盗","滈竐难合","潘敚","文斕","C.警察","A.医院","B.桃子","B.西瓜","D.葡萄",
"169","19-Nov-2020 09:41:37","19-Nov-2020 09:44:28","171","中国","北京市","北京市","","C.40-60","多闻","芳香","快乐","本意","故乡","淋浴","看不清","看不清","看不清","C.警察","A.医院","B.桃子","B.西瓜","D.葡萄",
"168","19-Nov-2020 09:40:10","19-Nov-2020 09:44:07","237","中国","山东省","","","C.40-60","多闻","芳香","快乐","牢靠","故障","","","","","C.警察","A.医院","B.桃子","B.西瓜","C.草莓",
"167","19-Nov-2020 09:40:52","19-Nov-2020 09:43:42","170","中国","天津市","天津市","","C.40-60","多闻","芳香","快乐","牢靠","故障","匪盗","","","","C.警察","A.医院","C.苹果","B.西瓜","D.葡萄",
"166","19-Nov-2020 09:40:59","19-Nov-2020 09:43:30","151","中国","北京市","北京市","","C.40-60","动词","名词","形容词","","名词","","","","","C.警察","A.医院","B.桃子","B.西瓜","C.草莓",
"165","19-Nov-2020 09:39:52","19-Nov-2020 09:43:10","198","中国","北京市","北京市","","C.40-60","多闻","芳香","快乐","牢靠","故障","匪盗","","","","C.警察","A.医院","B.桃子","B.西瓜","D.葡萄",
"164","19-Nov-2020 09:39:09","19-Nov-2020 09:42:14","185","中国","北京市","北京市","","C.40-60","多闻","芳香","快乐","雾霾","故障","","","","","C.警察","A.医院","C.苹果","B.西瓜","D.葡萄",
"163","19-Nov-2020 09:38:58","19-Nov-2020 09:41:39","161","中国","北京市","北京市","","C.40-60","多闻","芳香","快乐","牢靠","故障","","","","","C.警察","A.医院","B.桃子","B.西瓜","D.葡萄",
"162","19-Nov-2020 09:38:14","19-Nov-2020 09:41:34","200","中国","广东省","","","C.40-60","多闻","芳香","快乐","牢靠","故障","匪盗","","","","C.警察","A.医院","B.桃子","B.西瓜","C.草莓",
"161","19-Nov-2020 09:33:42","19-Nov-2020 09:41:32","470","中国","北京市","北京市","","C.40-60","多闻","芳香","快乐","牢靠","故障","匪盗","","香蕉","文雅","C.警察","A.医院","B.桃子","B.西瓜","D.葡萄",
"160","19-Nov-2020 09:37:00","19-Nov-2020 09:41:25","265","中国","河北省","石家庄市","","C.40-60","多闻","芳香","快乐","劳靠","故障","强盗","","","","C.警察","A.医院","B.桃子","B.西瓜","D.葡萄",
"159","19-Nov-2020 09:39:02","19-Nov-2020 09:41:18","136","中国","北京市","北京市","","B.20-40","多闻","芳香","快乐","牢靠","","","","","","C.警察","A.医院","B.桃子","B.西瓜","D.葡萄",
"158","19-Nov-2020 09:32:06","19-Nov-2020 09:41:17","551","中国","北京市","北京市","","C.40-60","多闻","芳香","快乐","牢靠","故事","","","","","C.警察","A.医院","B.桃子","B.西瓜","C.草莓",
"157","19-Nov-2020 09:35:25","19-Nov-2020 09:41:14","349","中国","辽宁省","沈阳市","","B.20-40","多闻","芳香","快乐","牢靠","故障","匪浴","","","","C.警察","A.医院","B.桃子","B.西瓜","C.草莓",
"156","19-Nov-2020 09:37:16","19-Nov-2020 09:41:09","233","中国","北京市","北京市","","C.40-60","多闻","fang xiang","快乐","牢靠","故障","匪盗","","","","C.警察","A.医院","C.苹果","B.西瓜","D.葡萄",
"155","19-Nov-2020 09:36:20","19-Nov-2020 09:39:53","213","中国","湖南省","","","C.40-60","多闻","芳香","快乐","车靠","故障","盗","","","","C.警察","A.医院","B.桃子","B.西瓜","D.葡萄",
"154","19-Nov-2020 09:36:38","19-Nov-2020 09:39:51","193","中国","北京市","北京市","","C.40-60","多闻","芳香","快乐","牢靠","","","","","","C.警察","A.医院","B.桃子","B.西瓜","B.木瓜",
"153","19-Nov-2020 09:37:13","19-Nov-2020 09:39:08","115","中国","辽宁省","","","C.40-60","多闻","芳香","快乐","车靠","教","","","","","C.警察","A.医院","B.桃子","B.西瓜","D.葡萄",
"152","19-Nov-2020 09:35:28","19-Nov-2020 09:38:53","205","中国","北京市","北京市","","B.20-40","多闻","芳香","快乐","","故障","匪盗","","","","C.警察","A.医院","B.桃子","B.西瓜","D.葡萄",
"151","19-Nov-2020 09:34:31","19-Nov-2020 09:38:40","249","中国","北京市","北京市","","C.40-60","多闻","芳香","快乐","牢靠","故障","","","","","C.警察","A.医院","B.桃子","B.西瓜","D.葡萄",
"150","19-Nov-2020 09:34:43","19-Nov-2020 09:38:03","200","中国","北京市","北京市","","C.40-60","多闻","芳香","","","","","","","","C.警察","A.医院","B.桃子","C.哈密瓜","C.草莓",
"149","19-Nov-2020 09:31:18","19-Nov-2020 09:38:02","404","中国","北京市","北京市","","C.40-60","多闻","芳香","快乐","市场","","强盗","家庭聚会","","文字","C.警察","A.医院","B.桃子","B.西瓜","D.葡萄",
"148","19-Nov-2020 09:32:19","19-Nov-2020 09:37:57","338","中国","北京市","北京市","","C.40-60","多闻","芳香","快乐","本草","故障","匪焱","","","","C.警察","A.医院","B.桃子","C.哈密瓜","D.葡萄",
"147","19-Nov-2020 09:32:18","19-Nov-2020 09:37:50","332","中国","北京市","北京市","","C.40-60","多闻","芳香","快乐","牢靠","故障","匪溶","紧锁满分","巍峨","克隆","C.警察","A.医院","B.桃子","B.西瓜","D.葡萄",
"146","19-Nov-2020 09:34:53","19-Nov-2020 09:37:47","174","中国","北京市","北京市","","C.40-60","多闻","芳香","快乐","牢靠","故障","强盗","","","","C.警察","A.医院","B.桃子","B.西瓜","D.葡萄",
"145","19-Nov-2020 09:34:59","19-Nov-2020 09:37:46","167","中国","四川省","成都市","","B.20-40","多闻","芳香","快乐","牢靠","故障","匪盗","","","","C.警察","A.医院","B.桃子","B.西瓜","D.葡萄",
"144","19-Nov-2020 09:10:11","19-Nov-2020 09:37:30","1639","中国","北京市","北京市","","C.40-60","多闻","芳香","快乐","牢靠","故障","湮浴","问额磨合","达到","达到","C.警察","A.医院","B.桃子","B.西瓜","D.葡萄",
"143","19-Nov-2020 09:34:50","19-Nov-2020 09:36:59","129","中国","福建省","福州市","","C.40-60","多闻","芳香","快乐","牢靠","故障","匪盗","","","","C.警察","A.医院","B.桃子","B.西瓜","D.葡萄",
"142","19-Nov-2020 09:31:15","19-Nov-2020 09:36:42","327","中国","北京市","北京市","","C.40-60","多闻","芳香","快乐","牢靠","故障","涨溶","","","","C.警察","A.医院","B.桃子","B.西瓜","C.草莓",
"141","19-Nov-2020 09:32:18","19-Nov-2020 09:35:53","215","中国","上海市","上海市","","C.40-60","多闻","芳香","快乐","牢靠","故障","强盗","淡妆xx","","","C.警察","A.医院","B.桃子","B.西瓜","D.葡萄",
"140","19-Nov-2020 09:30:22","19-Nov-2020 09:35:53","331","中国","江苏省","南京市","","C.40-60","多闻","芳香","快乐","牢靠","故事","强盗","","","","C.警察","A.医院","B.桃子","B.西瓜","D.葡萄",
"139","19-Nov-2020 09:31:45","19-Nov-2020 09:35:26","221","中国","北京市","北京市","","C.40-60","多闻","芳香","快乐","牢靠","故障","","","","","C.警察","A.医院","C.苹果","B.西瓜","B.木瓜",
"138","19-Nov-2020 09:32:38","19-Nov-2020 09:34:50","132","中国","北京市","北京市","","C.40-60","多闻","芳香","快乐","牢靠","","","","","","C.警察","A.医院","B.桃子","B.西瓜","D.葡萄",
"137","19-Nov-2020 09:32:06","19-Nov-2020 09:34:28","142","中国","山东省","","","C.40-60","多闻","芳香","快乐","中华","故事","","","","","C.警察","A.医院","B.桃子","B.西瓜","C.草莓",
"136","19-Nov-2020 09:28:50","19-Nov-2020 09:34:26","336","中国","广东省","","","C.40-60","多闻","芳香","快乐","牢骚","故障","涨浴","","","","C.警察","A.医院","C.苹果","B.西瓜","C.草莓",
"135","19-Nov-2020 09:29:17","19-Nov-2020 09:33:57","280","中国","黑龙江省","哈尔滨市","","C.40-60","多闻","芳香","快乐","牢靠","","匪盗","","","","C.警察","A.医院","B.桃子","B.西瓜","D.葡萄",
"134","19-Nov-2020 09:29:27","19-Nov-2020 09:33:08","221","中国","北京市","北京市","","C.40-60","多闻","芳香","快乐","","故障","强盗","银装素裹","","","C.警察","A.医院","B.桃子","B.西瓜","D.葡萄",
"133","19-Nov-2020 09:20:21","19-Nov-2020 09:33:01","760","中国","上海市","上海市","","C.40-60","多闻","芳香","快乐","牢靠","故障","匪浴","紫汝痍合","重合","文章","C.警察","A.医院","B.桃子","B.西瓜","D.葡萄",
"132","19-Nov-2020 09:30:13","19-Nov-2020 09:32:41","148","中国","广东省","深圳市","","A.0-20","多闻","芳香","快乐","牢靠","故障","强盗","","","","C.警察","A.医院","B.桃子","B.西瓜","D.葡萄",
"131","19-Nov-2020 09:28:32","19-Nov-2020 09:30:45","133","中国","北京市","北京市","","C.40-60","多闻","芳香","快乐","牢靠","故障","防盗","窈窕淑女","","","C.警察","A.医院","B.桃子","B.西瓜","D.葡萄",
"130","19-Nov-2020 09:25:46","19-Nov-2020 09:30:41","295","美国","","","","C.40-60","多闻","芳香","快乐","牢靠","故障","匪盗","情投意合","诱发","","C.警察","A.医院","B.桃子","B.西瓜","D.葡萄",
"129","19-Nov-2020 09:27:40","19-Nov-2020 09:30:11","151","中国","北京市","北京市","","C.40-60","多闻","芳香","快乐","","故障","","","","","C.警察","A.医院","B.桃子","B.西瓜","D.葡萄",
"128","19-Nov-2020 09:27:44","19-Nov-2020 09:30:05","141","中国","北京市","北京市","","C.40-60","形容词","形容词","形容词","","名词","动词","","","","C.警察","A.医院","B.桃子","C.哈密瓜","D.葡萄",
"127","19-Nov-2020 09:25:03","19-Nov-2020 09:29:56","293","中国","天津市","天津市","","A.0-20","多闻","芳香","快乐","牢靠","故障","匪盗","情投意合","","","C.警察","A.医院","B.桃子","B.西瓜","D.葡萄",
"126","19-Nov-2020 09:25:49","19-Nov-2020 09:29:53","244","中国","北京市","北京市","","C.40-60","动词","名称","形容词","名词","名词","名词","","","","C.警察","A.医院","B.桃子","C.哈密瓜","D.葡萄",
"125","19-Nov-2020 09:26:34","19-Nov-2020 09:29:51","197","中国","北京市","北京市","","C.40-60","多闻","芳香","快乐","牢靠","故障","匪","","","","C.警察","A.医院","B.桃子","B.西瓜","D.葡萄",
"124","19-Nov-2020 09:26:52","19-Nov-2020 09:29:49","177","中国","山东省","","","C.40-60","多闻","芳香","快乐","牢靠","故障","匪盗","","","","C.警察","A.医院","B.桃子","B.西瓜","D.葡萄",
"123","19-Nov-2020 09:16:39","19-Nov-2020 09:29:08","749","中国","北京市","北京市","","C.40-60","多闻","芳香","快乐","牢靠","故障","匪盗","","","","C.警察","A.医院","B.桃子","B.西瓜","D.葡萄",
"122","19-Nov-2020 09:24:23","19-Nov-2020 09:28:40","257","中国","北京市","北京市","","C.40-60","多闻","芳香","快乐","牢靠","故障","匪盗","","","","C.警察","A.医院","B.桃子","B.西瓜","D.葡萄",
"121","19-Nov-2020 09:24:53","19-Nov-2020 09:28:30","217","中国","天津市","天津市","","B.20-40","多闻","芳香","快乐","牢靠","故障","匪盗","","","","C.警察","A.医院","B.桃子","B.西瓜","C.草莓",
"120","19-Nov-2020 09:19:49","19-Nov-2020 09:28:10","501","中国","北京市","北京市","","C.40-60","多闻","芳香","快乐","牢靠","故障","盥浴","","","","C.警察","A.医院","B.桃子","B.西瓜","D.葡萄",
"119","19-Nov-2020 09:21:06","19-Nov-2020 09:27:06","360","中国","山东省","济南市","","C.40-60","多闻","芳香","快乐","牢靠","故障","强盗","","语文","","C.警察","A.医院","B.桃子","B.西瓜","D.葡萄",
"118","19-Nov-2020 09:21:29","19-Nov-2020 09:26:40","311","中国","广东省","梅州市","","C.40-60","多闻","芳香","快乐","牢靠","故障","洗浴","","","","C.警察","A.医院","B.桃子","B.西瓜","D.葡萄",
"117","19-Nov-2020 09:19:46","19-Nov-2020 09:26:33","407","美国","","","","C.40-60","多闻","芳香","快乐","牢靠","教龄","强盗","暗渡陈仓","","文","C.警察","A.医院","B.桃子","B.西瓜","D.葡萄",
"116","19-Nov-2020 09:20:57","19-Nov-2020 09:26:15","318","中国","北京市","北京市","","C.40-60","多闻","芳香","快乐","牢靠","故障","强盗","","","","C.警察","A.医院","B.桃子","B.西瓜","D.葡萄",
"115","19-Nov-2020 09:21:34","19-Nov-2020 09:25:51","257","中国","北京市","北京市","","C.40-60","多闻","芳香","快乐","牢靠","故障","强盗","","","","C.警察","A.医院","B.桃子","B.西瓜","C.草莓",
"114","19-Nov-2020 09:22:30","19-Nov-2020 09:25:45","195","中国","北京市","北京市","","A.0-20","多闻","芳香","快乐","牢靠","故障","","","","文学","C.警察","A.医院","B.桃子","B.西瓜","C.草莓",
"113","19-Nov-2020 09:22:37","19-Nov-2020 09:25:37","180","中国","北京市","北京市","","C.40-60","多闻","芳香","快乐","牢靠","故障","","","","","C.警察","A.医院","B.桃子","B.西瓜","D.葡萄",
"112","19-Nov-2020 09:20:13","19-Nov-2020 09:24:53","280","中国","福建省","龙岩市","","C.40-60","多闻","芬香","快乐","牢靠","","","","","","C.警察","A.医院","C.苹果","B.西瓜","A.哈密瓜",
"111","19-Nov-2020 09:20:54","19-Nov-2020 09:24:48","234","加拿大","","","","C.40-60","多闻","芳香","快乐","","","","","","","C.警察","A.医院","B.桃子","B.西瓜","D.葡萄",
"110","19-Nov-2020 09:19:26","19-Nov-2020 09:24:21","295","中国","北京市","北京市","","C.40-60","多闻芳香","","快乐牢靠","","故障","","","","","C.警察","A.医院","B.桃子","B.西瓜","D.葡萄",
"109","19-Nov-2020 09:19:29","19-Nov-2020 09:23:34","245","中国","四川省","成都市","","C.40-60","多闻","芳香","快乐","牢靠","","","","","","C.警察","A.医院","B.桃子","B.西瓜","C.草莓",
"108","19-Nov-2020 09:18:43","19-Nov-2020 09:23:21","278","中国","山东省","","","C.40-60","多闻","芳香","快乐","牢靠","故事","强盗","","","","C.警察","A.医院","B.桃子","B.西瓜","D.葡萄",
"107","19-Nov-2020 09:20:20","19-Nov-2020 09:23:15","175","中国","北京市","北京市","","C.40-60","多闻","芳香","快乐","牢靠","故障","x资","不知道","不知道","不知道","C.警察","A.医院","B.桃子","B.西瓜","D.葡萄",
"106","19-Nov-2020 09:19:08","19-Nov-2020 09:23:10","242","中国","江苏省","苏州市","","C.40-60","多闻","芳香","快乐","牢靠","故障","偷盗","情投意合","","","C.警察","A.医院","B.桃子","B.西瓜","D.葡萄",
"105","19-Nov-2020 09:19:00","19-Nov-2020 09:23:08","248","中国","北京市","北京市","","C.40-60","多闻","芳香","快乐","牢靠","故障","强盗","","","","C.警察","A.医院","B.桃子","B.西瓜","D.葡萄",
"104","19-Nov-2020 09:17:10","19-Nov-2020 09:23:05","355","中国","北京市","北京市","","C.40-60","多闻","芳香","快乐","牢靠","故障","强盗","潮汐寡劣","","","C.警察","A.医院","B.桃子","B.西瓜","B.木瓜",
"103","19-Nov-2020 09:17:36","19-Nov-2020 09:23:00","324","中国","北京市","北京市","","C.40-60","多闻","芳香","快乐","牢靠","放肆","匪盗","","","","C.警察","A.医院","B.桃子","B.西瓜","D.葡萄",
"102","19-Nov-2020 09:21:03","19-Nov-2020 09:22:39","96","中国","福建省","福州市","","C.40-60","多闻","芳香","快乐","牢靠","故障","","","","","C.警察","A.医院","B.桃子","B.西瓜","A.哈密瓜",
"101","19-Nov-2020 09:20:27","19-Nov-2020 09:22:38","131","中国","湖南省","长沙市","","C.40-60","多闻","芳香","快乐","牢靠","","","","","","C.警察","A.医院","B.桃子","B.西瓜","C.草莓",
"100","19-Nov-2020 09:18:47","19-Nov-2020 09:22:20","213","中国","北京市","北京市","","C.40-60","多闻","芳香","快乐","牢靠","故障","","","","","C.警察","A.医院","B.桃子","B.西瓜","D.葡萄",
"99","19-Nov-2020 09:18:37","19-Nov-2020 09:21:40","183","中国","北京市","北京市","","C.40-60","多闻","芳香","快乐","牢靠","故障","强盗","","","","C.警察","A.医院","B.桃子","B.西瓜","C.草莓",
"98","19-Nov-2020 09:17:58","19-Nov-2020 09:21:12","194","中国","北京市","北京市","","C.40-60","多闻","芳香","快乐","牢靠","故障","匪盗","","","","C.警察","A.医院","B.桃子","B.西瓜","D.葡萄",
"97","19-Nov-2020 09:14:30","19-Nov-2020 09:21:00","390","中国","北京市","北京市","","C.40-60","多闻","芳香","快乐","牢记靠","故障","强盗","","","","C.警察","A.医院","B.桃子","B.西瓜","A.哈密瓜",
"96","19-Nov-2020 09:15:36","19-Nov-2020 09:20:48","312","中国","辽宁省","沈阳市","","C.40-60","多闻","芳香","快乐","牢靠","故障","强盗","","","","C.警察","A.医院","B.桃子","B.西瓜","D.葡萄",
"95","19-Nov-2020 09:15:14","19-Nov-2020 09:20:48","334","中国","江苏省","苏州市","","A.0-20","多闻","芳香","快乐","牢靠","故障","哭泣","难解难分","盗贼","飞鸡","C.警察","A.医院","B.桃子","B.西瓜","D.葡萄",
"94","19-Nov-2020 09:18:01","19-Nov-2020 09:20:17","136","中国","福建省","","","B.20-40","多闻","芳香","快乐","牢靠","故障","","","","","C.警察","A.医院","B.桃子","B.西瓜","A.哈密瓜",
"93","19-Nov-2020 09:16:25","19-Nov-2020 09:20:17","232","中国","上海市","上海市","","C.40-60","多闻","芳香","快乐","牢靠","故障","匪盗","","","","C.警察","A.医院","C.苹果","A.葡萄","A.哈密瓜",
"92","19-Nov-2020 09:16:44","19-Nov-2020 09:20:13","209","中国","北京市","北京市","","C.40-60","多闻","芳香","快乐","","","","","","","C.警察","A.医院","C.苹果","B.西瓜","C.草莓",
"91","19-Nov-2020 09:16:33","19-Nov-2020 09:19:34","181","中国","山东省","青岛市","","C.40-60","多闻","芳香","快乐","牢靠","故障","匪浴","看不清","看不清","看不清","C.警察","A.医院","B.桃子","B.西瓜","A.哈密瓜",
"90","19-Nov-2020 09:15:58","19-Nov-2020 09:19:18","200","中国","河北省","石家庄市","","C.40-60","多闻","芳香","快乐","牢靠","","强盗","","","","C.警察","A.医院","B.桃子","B.西瓜","D.葡萄",
"89","19-Nov-2020 09:17:13","19-Nov-2020 09:19:18","125","中国","北京市","北京市","","C.40-60","多闻","芳香","快乐","牢靠","故障","强盗","","","","C.警察","A.医院","B.桃子","B.西瓜","D.葡萄",
"88","19-Nov-2020 09:13:47","19-Nov-2020 09:17:47","240","中国","北京市","北京市","","C.40-60","多闻","芳香","快乐","牢靠","故障","强盗","","","","C.警察","A.医院","B.桃子","B.西瓜","C.草莓",
"87","19-Nov-2020 09:06:31","19-Nov-2020 09:17:34","663","中国","河北省","秦皇岛市","","C.40-60","多闻","芳香","快乐","决策","故障","淋浴","紫砂器分","辞典","飞奔","C.警察","A.医院","B.桃子","B.西瓜","D.葡萄",
"86","19-Nov-2020 09:13:55","19-Nov-2020 09:17:28","213","中国","北京市","北京市","","C.40-60","多闻","芳香","快乐","牢靠","故居","匪盗","","","","C.警察","A.医院","B.桃子","B.西瓜","C.草莓",
"85","19-Nov-2020 09:14:27","19-Nov-2020 09:16:59","152","中国","北京市","北京市","","C.40-60","多闻","芳香","快乐","牢靠","故障","","","","","C.警察","A.医院","B.桃子","B.西瓜","D.葡萄",
"84","19-Nov-2020 09:11:54","19-Nov-2020 09:16:40","286","中国","北京市","北京市","","C.40-60","多闻","芳香","快乐","车罪","故障","强盗","","","","C.警察","A.医院","B.桃子","B.西瓜","C.草莓",
"83","19-Nov-2020 09:13:37","19-Nov-2020 09:16:27","170","中国","北京市","北京市","","C.40-60","多闻","芳香","快乐","牢靠","故障","","","","","C.警察","A.医院","B.桃子","B.西瓜","D.葡萄",
"82","19-Nov-2020 09:09:06","19-Nov-2020 09:15:51","405","中国","福建省","","","B.20-40","多闻","芳香","快乐","牢靠","故障","溺溶","","","","C.警察","A.医院","B.桃子","B.西瓜","D.葡萄",
"81","19-Nov-2020 09:12:12","19-Nov-2020 09:15:36","204","中国","广东省","","","C.40-60","名词","形容词","形容词","名词","名词","","","","","C.警察","A.医院","B.桃子","B.西瓜","D.葡萄",
"80","19-Nov-2020 09:11:39","19-Nov-2020 09:15:03","204","中国","北京市","北京市","","C.40-60","多闻","芳香","快乐","市業","","","","","","C.警察","A.医院","B.桃子","B.西瓜","C.草莓",
"79","19-Nov-2020 09:11:55","19-Nov-2020 09:14:44","169","中国","广东省","","","C.40-60","多闻","芳香","快乐","牢靠","故障","匪盗","","","","C.警察","A.医院","C.苹果","B.西瓜","D.葡萄",
"78","19-Nov-2020 09:09:50","19-Nov-2020 09:14:43","293","中国","北京市","北京市","","C.40-60","多闻","芳香","快乐","车票","故障","医疗","浓妆艳抹","晚安","不知道","C.警察","A.医院","B.桃子","B.西瓜","D.葡萄",
"77","19-Nov-2020 09:08:09","19-Nov-2020 09:14:28","379","中国","上海市","上海市","","C.40-60","多闻","芳香","快乐","牢靠","敬","浴","","","","C.警察","A.医院","B.桃子","B.西瓜","D.葡萄",
"76","19-Nov-2020 09:10:23","19-Nov-2020 09:14:25","242","中国","浙江省","","","C.40-60","多闻","芳香","快乐","牢靠","故障","溶","","","","C.警察","A.医院","B.桃子","B.西瓜","D.葡萄",
"75","19-Nov-2020 09:10:02","19-Nov-2020 09:14:11","249","中国","北京市","北京市","","C.40-60","多闻","芳香","快乐","牢靠","故障","强盗","","","","C.警察","A.医院","B.桃子","B.西瓜","D.葡萄",
"74","19-Nov-2020 09:10:45","19-Nov-2020 09:13:49","184","中国","北京市","北京市","","C.40-60","多 闻","芳香","快乐","牢靠","故障","浴","","","","C.警察","A.医院","C.苹果","B.西瓜","D.葡萄",
"73","19-Nov-2020 09:10:36","19-Nov-2020 09:12:51","135","中国","陕西省","","","C.40-60","多闻","芳香","快乐","","","","","","","C.警察","A.医院","C.苹果","C.哈密瓜","A.哈密瓜",
"72","19-Nov-2020 09:07:19","19-Nov-2020 09:12:49","330","中国","广东省","广州市","","C.40-60","多闻","芳香","快乐","牢靠","故障","强盗","","","","C.警察","A.医院","B.桃子","B.西瓜","A.哈密瓜",
"71","19-Nov-2020 08:57:41","19-Nov-2020 09:12:44","903","中国","江苏省","泰州市","","C.40-60","多闻","芳香","快乐","牢靠","故障","匪盗","","","","C.警察","A.医院","C.苹果","B.西瓜","D.葡萄",
"70","19-Nov-2020 09:10:23","19-Nov-2020 09:12:41","138","中国","山东省","青岛市","","C.40-60","多闻","芳香","快乐","牢靠","故障","强盗","","","","C.警察","A.医院","C.苹果","D.木瓜","A.哈密瓜",
"69","19-Nov-2020 09:10:25","19-Nov-2020 09:12:36","131","中国","江苏省","","","C.40-60","多闻","芳香","快乐","","","","","","","C.警察","A.医院","C.苹果","B.西瓜","D.葡萄",
"68","19-Nov-2020 09:10:21","19-Nov-2020 09:12:35","134","中国","北京市","北京市","","C.40-60","多闻","芳香","快乐","牢靠","","","","","","C.警察","A.医院","B.桃子","B.西瓜","A.哈密瓜",
"67","19-Nov-2020 09:09:01","19-Nov-2020 09:12:31","210","中国","北京市","","","C.40-60","多闻","芳香","快乐","牢靠","故障","匪盗","","","","C.警察","A.医院","B.桃子","B.西瓜","D.葡萄",
"66","19-Nov-2020 09:08:19","19-Nov-2020 09:11:27","188","中国","北京市","北京市","","C.40-60","多闻","芳香","快乐","牢靠","故障","强盗","我","","","C.警察","A.医院","B.桃子","B.西瓜","D.葡萄",
"65","19-Nov-2020 09:07:37","19-Nov-2020 09:11:08","211","中国","北京市","北京市","","C.40-60","多闻","芳香","快乐","牢靠","故障","匪盗","","","","C.警察","A.医院","B.桃子","B.西瓜","D.葡萄",
"64","19-Nov-2020 09:08:03","19-Nov-2020 09:10:54","171","中国","北京市","北京市","","C.40-60","多闻","芳香","快乐","","故障","","","","","C.警察","A.医院","B.桃子","B.西瓜","D.葡萄",
"63","19-Nov-2020 09:07:25","19-Nov-2020 09:10:47","202","中国","香港","","","C.40-60","多闻","芳香","快乐","牢靠","故障","匪盗","","","","C.警察","A.医院","B.桃子","B.西瓜","D.葡萄",
"62","19-Nov-2020 09:05:33","19-Nov-2020 09:10:27","294","中国","北京市","北京市","","C.40-60","多闻","芳香","快乐","牢靠","故障","强盗","","","空落","C.警察","A.医院","B.桃子","B.西瓜","D.葡萄",
"61","19-Nov-2020 09:07:35","19-Nov-2020 09:10:23","168","中国","黑龙江省","哈尔滨市","","C.40-60","多闻","芳香","快乐","牢靠","故乡","","","","","C.警察","A.医院","B.桃子","B.西瓜","B.木瓜",
"60","19-Nov-2020 09:05:45","19-Nov-2020 09:10:06","261","中国","北京市","北京市","","C.40-60","多闻","芳香","快乐","牢靠","故障","沐浴","因缘际会","曾经","大象","C.警察","A.医院","B.桃子","C.哈密瓜","A.哈密瓜",
"59","19-Nov-2020 09:06:07","19-Nov-2020 09:10:05","238","中国","北京市","北京市","","C.40-60","多闻","芳香","快乐","牢靠","故障","强盗","","需要","","C.警察","A.医院","B.桃子","B.西瓜","D.葡萄",
"58","19-Nov-2020 09:03:20","19-Nov-2020 09:09:59","399","中国","福建省","","","C.40-60","多闻","芳香","快乐","牢靠","故障","","","","","C.警察","A.医院","B.桃子","C.哈密瓜","D.葡萄",
"57","19-Nov-2020 09:05:41","19-Nov-2020 09:09:40","239","中国","北京市","北京市","","C.40-60","多闻","芳香","快乐","牢靠","故障","强盗","","","","C.警察","A.医院","B.桃子","B.西瓜","D.葡萄",
"56","19-Nov-2020 09:07:36","19-Nov-2020 09:09:37","121","中国","江苏省","苏州市","","C.40-60","多闻","芳香","快乐","","","","","","","C.警察","A.医院","B.桃子","B.西瓜","D.葡萄",
"55","19-Nov-2020 09:07:02","19-Nov-2020 09:09:04","122","中国","浙江省","温州市","","C.40-60","","","","","","","","","","C.警察","A.医院","B.桃子","B.西瓜","D.葡萄",
"54","19-Nov-2020 09:05:45","19-Nov-2020 09:09:00","195","中国","北京市","北京市","","C.40-60","多闻","芳香","快乐","牢靠","故障","强盗","看不清","看不清","看不清","C.警察","A.医院","C.苹果","B.西瓜","D.葡萄",
"53","19-Nov-2020 09:05:47","19-Nov-2020 09:08:11","144","中国","四川省","成都市","","C.40-60","多闻","芳香","快乐","牢靠","故障","","","","","C.警察","A.医院","B.桃子","B.西瓜","C.草莓",
"52","19-Nov-2020 09:04:17","19-Nov-2020 09:08:06","229","美国","","","","C.40-60","多闻","芳香","快乐","牢靠","故障","","","","","C.警察","A.医院","B.桃子","B.西瓜","D.葡萄",
"51","19-Nov-2020 09:06:03","19-Nov-2020 09:07:45","102","中国","北京市","北京市","","C.40-60","多闻","芳香","快乐","牢靠故","","匪盗","","","","C.警察","A.医院","B.桃子","B.西瓜","B.木瓜",
"50","19-Nov-2020 09:05:18","19-Nov-2020 09:07:29","131","中国","北京市","北京市","","C.40-60","多闻","芳香","快乐","本靠","故障","淋浴","","","","C.警察","A.医院","B.桃子","B.西瓜","D.葡萄",
"49","19-Nov-2020 09:04:43","19-Nov-2020 09:06:47","124","中国","广东省","","","B.20-40","多闻","芳香","快乐","牢靠","故事","匪盗","","","","C.警察","A.医院","B.桃子","B.西瓜","D.葡萄",
"48","19-Nov-2020 09:02:55","19-Nov-2020 09:05:23","148","中国","北京市","北京市","","C.40-60","多闻","芳香","快乐","车靠","故事","防盗","","","","C.警察","A.医院","B.桃子","B.西瓜","D.葡萄",
"47","19-Nov-2020 09:02:21","19-Nov-2020 09:03:59","98","中国","北京市","北京市","","C.40-60","","","","","","","","","","C.警察","A.医院","B.桃子","C.哈密瓜","B.木瓜",
"46","19-Nov-2020 09:00:11","19-Nov-2020 09:03:22","191","中国","北京市","北京市","","B.20-40","多闻","芳香","快乐","牢靠","故障","","","","","C.警察","A.医院","B.桃子","B.西瓜","D.葡萄",
"45","19-Nov-2020 09:00:51","19-Nov-2020 09:02:50","119","中国","四川省","成都市","","B.20-40","多闻","芳香","快乐","牢靠","故障","","","","","C.警察","A.医院","B.桃子","C.哈密瓜","D.葡萄",
"44","19-Nov-2020 08:53:16","19-Nov-2020 09:02:39","563","中国","北京市","","","C.40-60","多闻","芳香","快乐","牢靠","故障","匪盗","","","","C.警察","A.医院","B.桃子","C.哈密瓜","D.葡萄",
"43","19-Nov-2020 08:57:55","19-Nov-2020 09:01:53","238","中国","北京市","北京市","","C.40-60","多闻","芳香","快乐","苹果","放假","盗","","","","A.医院","C.警察","C.苹果","C.哈密瓜","A.哈密瓜",
"42","19-Nov-2020 08:57:46","19-Nov-2020 09:01:23","217","中国","北京市","北京市","","C.40-60","多闻","芳香","快乐","本华","故事","经济","难舍难分","妙趣","出来","C.警察","A.医院","B.桃子","B.西瓜","B.木瓜",
"41","19-Nov-2020 08:58:19","19-Nov-2020 09:01:12","173","中国","福建省","厦门市","","C.40-60","多闻","芳香","快乐","牢靠","故障","","","","","C.警察","A.医院","B.桃子","B.西瓜","D.葡萄",
"40","19-Nov-2020 08:51:02","19-Nov-2020 09:00:50","588","中国","北京市","北京市","","C.40-60","多闻","芳香","快乐","牢靠","故障","强盗","微妙  分","看不清","看不清","C.警察","A.医院","B.桃子","B.西瓜","D.葡萄",
"39","19-Nov-2020 08:55:11","19-Nov-2020 09:00:44","333","中国","北京市","北京市","","C.40-60","多闻","芳香","快乐","本素","故障","张东","","","","C.警察","A.医院","A.石榴","B.西瓜","B.木瓜",
"38","19-Nov-2020 08:47:43","19-Nov-2020 08:59:14","691","中国","福建省","南平市","","B.20-40","多闻","芳香","快乐","牢靠","故障","","","","","C.警察","A.医院","B.桃子","B.西瓜","C.草莓",
"37","19-Nov-2020 08:50:44","19-Nov-2020 08:57:26","402","中国","北京市","北京市","","C.40-60","多闻","芳香","快乐","牢靠","故障","匪盗","","","文学","C.警察","A.医院","B.桃子","B.西瓜","D.葡萄",
"36","19-Nov-2020 08:54:18","19-Nov-2020 08:56:50","152","中国","北京市","北京市","","C.40-60","多闻","芳香","快乐","","","匪盗","","","","C.警察","A.医院","B.桃子","B.西瓜","B.木瓜",
"35","19-Nov-2020 08:49:09","19-Nov-2020 08:55:13","364","中国","北京市","北京市","","C.40-60","多闻","芳香","快乐","牢靠","故障","强盗","","","","C.警察","A.医院","B.桃子","B.西瓜","D.葡萄",
"34","19-Nov-2020 08:51:55","19-Nov-2020 08:55:10","195","中国","北京市","北京市","","C.40-60","多闻","芳香","快乐","牢靠","","浴","","","","C.警察","A.医院","B.桃子","B.西瓜","D.葡萄",
"33","19-Nov-2020 08:51:13","19-Nov-2020 08:54:34","201","中国","北京市","北京市","","C.40-60","动词","形容词","形容词","形容词","名词","名词","","","","C.警察","A.医院","C.苹果","B.西瓜","B.木瓜",
"32","19-Nov-2020 08:50:30","19-Nov-2020 08:53:12","162","中国","北京市","北京市","","B.20-40","多闻","芳香","快乐","","","","","","","C.警察","A.医院","B.桃子","B.西瓜","D.葡萄",
"31","19-Nov-2020 08:42:23","19-Nov-2020 08:48:08","345","中国","北京市","北京市","","C.40-60","多闻","芳香","快乐","牢靠","故","匪盗","","","","A.医院","C.警察","D.梨","B.西瓜","B.木瓜",
"30","19-Nov-2020 08:43:51","19-Nov-2020 08:47:39","228","中国","北京市","北京市","","C.40-60","多闻","芳香","快乐","牢靠","放","匪盗","","","","C.警察","A.医院","B.桃子","B.西瓜","D.葡萄",
"29","19-Nov-2020 08:43:59","19-Nov-2020 08:47:28","209","中国","北京市","北京市","","C.40-60","形容词","形容词","名词","形容词","名词","看不清","看不清","看不清","看不清","C.警察","A.医院","B.桃子","B.西瓜","D.葡萄",
"28","19-Nov-2020 08:43:02","19-Nov-2020 08:47:19","257","中国","山东省","青岛市","","C.40-60","多闻","芳香","快乐","牢靠","故事","洗浴","看不清楚","不知","不知","C.警察","A.医院","B.桃子","B.西瓜","D.葡萄",
"27","19-Nov-2020 08:44:46","19-Nov-2020 08:46:29","103","中国","北京市","北京市","","B.20-40","多闻","芳香","快乐","","","医盗","","","","C.警察","A.医院","C.苹果","C.哈密瓜","C.草莓",
"26","19-Nov-2020 08:42:41","19-Nov-2020 08:45:58","197","中国","北京市","北京市","","C.40-60","多闻","芳香","快乐","牢靠","故障","匪盗","","","","C.警察","A.医院","B.桃子","B.西瓜","D.葡萄",
"25","19-Nov-2020 08:41:46","19-Nov-2020 08:44:43","177","中国","北京市","北京市","","C.40-60","多闻","芳香","快乐","牢靠","牧野","盐浴","","","文化","C.警察","A.医院","B.桃子","B.西瓜","C.草莓",
"24","19-Nov-2020 08:40:10","19-Nov-2020 08:44:18","248","中国","天津市","天津市","","C.40-60","多闻","芳香","快乐","牢靠","故障","强盗","深浅融合","触发","女娟","C.警察","A.医院","B.桃子","B.西瓜","D.葡萄",
"23","19-Nov-2020 08:34:55","19-Nov-2020 08:36:42","107","中国","四川省","成都市","","C.40-60","多闻","芳香","快乐","牢靠","","","","","","C.警察","A.医院","C.苹果","B.西瓜","D.葡萄",
"22","19-Nov-2020 08:26:05","19-Nov-2020 08:28:32","147","中国","北京市","北京市","","C.40-60","多闻","芳香","快乐","牢靠","故障","","","","","C.警察","A.医院","B.桃子","B.西瓜","C.草莓",
"21","19-Nov-2020 08:25:00","19-Nov-2020 08:27:05","125","中国","北京市","北京市","","B.20-40","多闻","芳香","快乐","牢靠","故障","匪盗","","","","C.警察","A.医院","B.桃子","B.西瓜","D.葡萄",
"20","19-Nov-2020 08:20:17","19-Nov-2020 08:25:09","292","中国","北京市","北京市","","C.40-60","多闻","芳香","快乐","牢靠","故障","？盗","","","","C.警察","A.医院","B.桃子","B.西瓜","D.葡萄",
"19","19-Nov-2020 08:16:14","19-Nov-2020 08:23:20","426","中国","北京市","北京市","","C.40-60","多闻","芳香","快乐","市集","故障","浴","","","","C.警察","A.医院","B.桃子","B.西瓜","D.葡萄",
"18","19-Nov-2020 08:15:06","19-Nov-2020 08:19:16","250","中国","北京市","北京市","","C.40-60","多闻","芳香","快乐","串靠","故事","淋浴","落英缤纷","na","Na","C.警察","A.医院","B.桃子","B.西瓜","D.葡萄",
"17","19-Nov-2020 08:12:57","19-Nov-2020 08:16:47","230","中国","北京市","北京市","","B.20-40","多闻","芳香","快乐","牢靠","故事","盗","","","","C.警察","A.医院","B.桃子","B.西瓜","D.葡萄",
"16","19-Nov-2020 08:09:30","19-Nov-2020 08:12:02","152","美国","","","","A.0-20","多闻","芳香","快乐","牢靠","故障","","","","","C.警察","A.医院","B.桃子","B.西瓜","C.草莓",
"15","19-Nov-2020 08:08:31","19-Nov-2020 08:11:25","174","中国","北京市","北京市","","C.40-60","多闻","芳香","快乐","","故障","","","","","C.警察","A.医院","B.桃子","B.西瓜","C.草莓",
"14","19-Nov-2020 08:06:20","19-Nov-2020 08:11:01","281","中国","北京市","北京市","","B.20-40","多闻","芳香","快乐","牢靠","","匪盗","","","","C.警察","A.医院","B.桃子","B.西瓜","D.葡萄",
"13","19-Nov-2020 08:02:13","19-Nov-2020 08:05:54","221","中国","北京市","北京市","","C.40-60","动词","名词","动词","形容词","名词","动","","成语","不知","C.警察","A.医院","B.桃子","C.哈密瓜","D.葡萄",
"12","19-Nov-2020 08:01:55","19-Nov-2020 08:04:32","157","中国","北京市","北京市","","B.20-40","多闻","芳香","快乐","","","强盗","","","","C.警察","A.医院","B.桃子","B.西瓜","C.草莓",
"11","19-Nov-2020 07:58:56","19-Nov-2020 08:02:51","235","中国","北京市","北京市","","C.40-60","多闻","芳香","快乐","牢靠","故障","匪盗","我","","","C.警察","A.医院","B.桃子","B.西瓜","D.葡萄",
"10","19-Nov-2020 07:55:43","19-Nov-2020 08:00:58","315","中国","北京市","北京市","","C.40-60","多闻","芳香","快乐","牢靠","故障","偷盗","i","","","C.警察","A.医院","B.桃子","B.西瓜","A.哈密瓜",
"9","19-Nov-2020 07:53:40","19-Nov-2020 07:57:32","232","中国","北京市","北京市","","C.40-60","多闻","芳香","快乐","","","","","","","C.警察","A.医院","C.苹果","B.西瓜","C.草莓",
"8","19-Nov-2020 07:50:51","19-Nov-2020 07:54:14","203","中国","北京市","北京市","","C.40-60","多闻","芳香","快乐","牢靠","故障","","","","","C.警察","A.医院","B.桃子","B.西瓜","D.葡萄",
"7","19-Nov-2020 07:49:09","19-Nov-2020 07:51:46","157","美国","","","","A.0-20","多闻","芳香","快乐","牢靠","故障","","","","","C.警察","A.医院","B.桃子","B.西瓜","D.葡萄",
"6","19-Nov-2020 07:44:54","19-Nov-2020 07:48:14","200","美国","","","","A.0-20","多闻","芳香","快乐","牢靠","故障","医洛","不知道","多寶","对象","C.警察","A.医院","B.桃子","B.西瓜","D.葡萄",
"5","19-Nov-2020 07:43:23","19-Nov-2020 07:47:43","260","中国","北京市","北京市","","C.40-60","多闻","芳香","快来","丰靠","故事","淋浴","分","罗","多","C.警察","A.医院","B.桃子","B.西瓜","D.葡萄",
"4","19-Nov-2020 06:06:35","19-Nov-2020 07:06:46","3611","美国","","","","A.0-20","多闻","芳香","快乐","牢靠","故障","","","","","C.警察","A.医院","B.桃子","B.西瓜","D.葡萄",
"3","19-Nov-2020 06:15:47","19-Nov-2020 06:19:48","241","美国","","","","A.0-20","多闻","芳香","快乐","牢靠","故障","","","","","C.警察","A.医院","B.桃子","B.西瓜","D.葡萄",
"2","19-Nov-2020 06:10:56","19-Nov-2020 06:12:07","71","美国","","","","A.0-20","多闻","芳香","快乐","牢靠","放学","医院","饕餮盛宴","","","C.警察","A.医院","B.桃子","B.西瓜","C.草莓",
"1","19-Nov-2020 06:03:36","19-Nov-2020 06:06:32","176","美国","","","","A.0-20","多闻","芳香","快乐","牢靠","放学？？","","饕餮盛宴","","","A.医院","A.医院","B.桃子","B.西瓜","C.草莓",
